src_station,src_loc_x,src_loc_y,src_loc,dest_stations,dest_loc_x,dest_loc_y,dest_loc
18th St.,-87.61803421182888,41.85773103512421,POINT (-87.61803421182888 41.85773103512421),19th St. Merge,-87.61733480661647,41.856579826230366,POINT (-87.61733480661647 41.856579826230366)
19th St. Merge,-87.61733480661647,41.856579826230366,POINT (-87.61733480661647 41.856579826230366),18th St.,-87.61803421182888,41.85773103512421,POINT (-87.61803421182888 41.85773103512421)
19th St. Merge,-87.61733480661647,41.856579826230366,POINT (-87.61733480661647 41.856579826230366),McCormick Place,-87.61614217651787,41.850942354763596,POINT (-87.61614217651787 41.850942354763596)
McCormick Place,-87.61614217651787,41.850942354763596,POINT (-87.61614217651787 41.850942354763596),19th St. Merge,-87.61733480661647,41.856579826230366,POINT (-87.61733480661647 41.856579826230366)
11th Pl. Divide,-87.61957289715936,41.86374590823269,POINT (-87.61957289715936 41.86374590823269),19th St. Merge,-87.61733480661647,41.856579826230366,POINT (-87.61733480661647 41.856579826230366)
19th St. Merge,-87.61733480661647,41.856579826230366,POINT (-87.61733480661647 41.856579826230366),11th Pl. Divide,-87.61957289715936,41.86374590823269,POINT (-87.61957289715936 41.86374590823269)
Ogilvie Station,-87.64213980684744,41.88962927170604,POINT (-87.64213980684744 41.88962927170604),Clinton St. Junction,-87.64076896408228,41.88304935182831,POINT (-87.64076896408228 41.88304935182831)
Clinton St. Junction,-87.64076896408228,41.88304935182831,POINT (-87.64076896408228 41.88304935182831),Ogilvie Station,-87.64213980684744,41.88962927170604,POINT (-87.64213980684744 41.88962927170604)
Union Station,-87.68604235544879,41.88843921348716,POINT (-87.68604235544879 41.88843921348716),Western Ave. Interlocking,-87.63885072760013,41.87919659550953,POINT (-87.63885072760013 41.87919659550953)
Western Ave. Interlocking,-87.63885072760013,41.87919659550953,POINT (-87.63885072760013 41.87919659550953),Union Station,-87.68604235544879,41.88843921348716,POINT (-87.68604235544879 41.88843921348716)
Glenview,-87.81572728797315,42.097487146543436,POINT (-87.81572728797315 42.097487146543436),North Glenview,-87.80557046398621,42.07461818566561,POINT (-87.80557046398621 42.07461818566561)
North Glenview,-87.80557046398621,42.07461818566561,POINT (-87.80557046398621 42.07461818566561),Glenview,-87.81572728797315,42.097487146543436,POINT (-87.81572728797315 42.097487146543436)
North Glenview,-87.82813748667259,42.12762956992147,POINT (-87.82813748667259 42.12762956992147),Northbrook,-87.81572728797315,42.097487146543436,POINT (-87.81572728797315 42.097487146543436)
Northbrook,-87.81572728797315,42.097487146543436,POINT (-87.81572728797315 42.097487146543436),North Glenview,-87.82813748667259,42.12762956992147,POINT (-87.82813748667259 42.12762956992147)
Clybourn,-87.73116374571093,41.95316954974312,POINT (-87.73116374571093 41.95316954974312),Irving Park,-87.66842908841696,41.9171031300112,POINT (-87.66842908841696 41.9171031300112)
Irving Park,-87.66842908841696,41.9171031300112,POINT (-87.66842908841696 41.9171031300112),Clybourn,-87.73116374571093,41.95316954974312,POINT (-87.73116374571093 41.95316954974312)
Clybourn Junction,-87.66805367356315,41.91721478608723,POINT (-87.66805367356315 41.91721478608723),Clybourn,-87.66693531919698,41.91513775339725,POINT (-87.66693531919698 41.91513775339725)
Clybourn,-87.66693531919698,41.91513775339725,POINT (-87.66693531919698 41.91513775339725),Clybourn Junction,-87.66805367356315,41.91721478608723,POINT (-87.66805367356315 41.91721478608723)
Clinton St. Junction,-87.66693531919698,41.91513775339725,POINT (-87.66693531919698 41.91513775339725),Clybourn Junction,-87.64213980684744,41.88962927170604,POINT (-87.64213980684744 41.88962927170604)
Clybourn Junction,-87.64213980684744,41.88962927170604,POINT (-87.64213980684744 41.88962927170604),Clinton St. Junction,-87.66693531919698,41.91513775339725,POINT (-87.66693531919698 41.91513775339725)
Clybourn Junction,-87.66842908841696,41.9171031300112,POINT (-87.66842908841696 41.9171031300112),Clybourn,-87.66693531919698,41.91513775339725,POINT (-87.66693531919698 41.91513775339725)
Clybourn,-87.66693531919698,41.91513775339725,POINT (-87.66693531919698 41.91513775339725),Clybourn Junction,-87.66842908841696,41.9171031300112,POINT (-87.66842908841696 41.9171031300112)
B-12 Junction,-87.880317001389,41.99521197561157,POINT (-87.880317001389 41.99521197561157),O'Hare,-87.85417130408706,41.933646570479816,POINT (-87.85417130408706 41.933646570479816)
O'Hare,-87.85417130408706,41.933646570479816,POINT (-87.85417130408706 41.933646570479816),B-12 Junction,-87.880317001389,41.99521197561157,POINT (-87.880317001389 41.99521197561157)
River Grove,-87.85417130408706,41.933646570479816,POINT (-87.85417130408706 41.933646570479816),B-12 Junction,-87.83632459924124,41.931003726664215,POINT (-87.83632459924124 41.931003726664215)
B-12 Junction,-87.83632459924124,41.931003726664215,POINT (-87.83632459924124 41.931003726664215),River Grove,-87.85417130408706,41.933646570479816,POINT (-87.85417130408706 41.933646570479816)
B-12 Junction,-87.86658580612901,41.93653197463551,POINT (-87.86658580612901 41.93653197463551),Franklin Park,-87.85417130408706,41.933646570479816,POINT (-87.85417130408706 41.933646570479816)
Franklin Park,-87.85417130408706,41.933646570479816,POINT (-87.85417130408706 41.933646570479816),B-12 Junction,-87.86658580612901,41.93653197463551,POINT (-87.86658580612901 41.93653197463551)
LaSalle St.,-87.63213743762101,41.875048243696355,POINT (-87.63213743762101 41.875048243696355),Gresham,-87.64461341798653,41.736642897145266,POINT (-87.64461341798653 41.736642897145266)
Gresham,-87.64461341798653,41.736642897145266,POINT (-87.64461341798653 41.736642897145266),LaSalle St.,-87.63213743762101,41.875048243696355,POINT (-87.63213743762101 41.875048243696355)
East Chicago,-87.4814542909991,41.612880075651574,POINT (-87.4814542909991 41.612880075651574),Gary Airport,-87.39464024362395,41.605215545082146,POINT (-87.39464024362395 41.605215545082146)
Gary Airport,-87.39464024362395,41.605215545082146,POINT (-87.39464024362395 41.605215545082146),East Chicago,-87.4814542909991,41.612880075651574,POINT (-87.4814542909991 41.612880075651574)
Gary Airport,-87.39457732389685,41.6052150312888,POINT (-87.39457732389685 41.6052150312888),Gary Metro,-87.33891084628608,41.60525346856183,POINT (-87.33891084628608 41.60525346856183)
Gary Metro,-87.33891084628608,41.60525346856183,POINT (-87.33891084628608 41.60525346856183),Gary Airport,-87.39457732389685,41.6052150312888,POINT (-87.39457732389685 41.6052150312888)
Gary Metro,-87.33882304881587,41.605239618500455,POINT (-87.33882304881587 41.605239618500455),Miller,-87.26344668255504,41.597995648936816,POINT (-87.26344668255504 41.597995648936816)
Miller,-87.26344668255504,41.597995648936816,POINT (-87.26344668255504 41.597995648936816),Gary Metro,-87.33882304881587,41.605239618500455,POINT (-87.33882304881587 41.605239618500455)
Miller,-87.26348423953718,41.59798620115998,POINT (-87.26348423953718 41.59798620115998),Ogden Dunes,-87.1914669784413,41.616495744715124,POINT (-87.1914669784413 41.616495744715124)
Ogden Dunes,-87.1914669784413,41.616495744715124,POINT (-87.1914669784413 41.616495744715124),Miller,-87.26348423953718,41.59798620115998,POINT (-87.26348423953718 41.59798620115998)
Ogden Dunes,-87.19136119507996,41.61651148911156,POINT (-87.19136119507996 41.61651148911156),Dune Park,-87.05791327407438,41.64587174756767,POINT (-87.05791327407438 41.64587174756767)
Dune Park,-87.05791327407438,41.64587174756767,POINT (-87.05791327407438 41.64587174756767),Ogden Dunes,-87.19136119507996,41.61651148911156,POINT (-87.19136119507996 41.61651148911156)
Hegewisch,-87.5462363165446,41.64827214027495,POINT (-87.5462363165446 41.64827214027495),Hammond,-87.52237282223989,41.632058590676515,POINT (-87.52237282223989 41.632058590676515)
Hammond,-87.52237282223989,41.632058590676515,POINT (-87.52237282223989 41.632058590676515),Hegewisch,-87.5462363165446,41.64827214027495,POINT (-87.5462363165446 41.64827214027495)
Hammond,-87.52237282223989,41.632058590676515,POINT (-87.52237282223989 41.632058590676515),East Chicago,-87.49888538101075,41.629301739699635,POINT (-87.49888538101075 41.629301739699635)
East Chicago,-87.49888538101075,41.629301739699635,POINT (-87.49888538101075 41.629301739699635),Hammond,-87.52237282223989,41.632058590676515,POINT (-87.52237282223989 41.632058590676515)
Hammond,-87.4987635082394,41.6292814798002,POINT (-87.4987635082394 41.6292814798002),East Chicago,-87.4814542909991,41.612880075651574,POINT (-87.4814542909991 41.612880075651574)
East Chicago,-87.4814542909991,41.612880075651574,POINT (-87.4814542909991 41.612880075651574),Hammond,-87.4987635082394,41.6292814798002,POINT (-87.4987635082394 41.6292814798002)
Hammond,-87.49888538101075,41.629301739699635,POINT (-87.49888538101075 41.629301739699635),East Chicago,-87.49888538101075,41.629301739699635,POINT (-87.49888538101075 41.629301739699635)
East Chicago,-87.49888538101075,41.629301739699635,POINT (-87.49888538101075 41.629301739699635),Hammond,-87.49888538101075,41.629301739699635,POINT (-87.49888538101075 41.629301739699635)
Geneva,-88.4117993425557,41.886701261673636,POINT (-88.4117993425557 41.886701261673636),La Fox,-88.31020828939712,41.881501400093825,POINT (-88.31020828939712 41.881501400093825)
La Fox,-88.31020828939712,41.881501400093825,POINT (-88.31020828939712 41.881501400093825),Geneva,-88.4117993425557,41.886701261673636,POINT (-88.4117993425557 41.886701261673636)
La Fox,-88.46412337191633,41.89073057874711,POINT (-88.46412337191633 41.89073057874711),Elburn,-88.4117993425557,41.886701261673636,POINT (-88.4117993425557 41.886701261673636)
Elburn,-88.4117993425557,41.886701261673636,POINT (-88.4117993425557 41.886701261673636),La Fox,-88.46412337191633,41.89073057874711,POINT (-88.46412337191633 41.89073057874711)
179th St,-87.95990486263373,41.483164556586495,POINT (-87.95990486263373 41.483164556586495),LAraway Road,-87.9028203838136,41.5636634937275,POINT (-87.9028203838136 41.5636634937275)
LAraway Road,-87.9028203838136,41.5636634937275,POINT (-87.9028203838136 41.5636634937275),179th St,-87.95990486263373,41.483164556586495,POINT (-87.95990486263373 41.483164556586495)
Laraway Road,-87.98870941788743,41.418936267101714,POINT (-87.98870941788743 41.418936267101714),Manhattan,-87.95990486263373,41.483164556586495,POINT (-87.95990486263373 41.483164556586495)
Manhattan,-87.95990486263373,41.483164556586495,POINT (-87.95990486263373 41.483164556586495),Laraway Road,-87.98870941788743,41.418936267101714,POINT (-87.98870941788743 41.418936267101714)
Crystal Lake Junction,-88.31144690193213,42.24122350800468,POINT (-88.31144690193213 42.24122350800468),McHenry,-88.2761472117921,42.34329585332164,POINT (-88.2761472117921 42.34329585332164)
McHenry,-88.2761472117921,42.34329585332164,POINT (-88.2761472117921 42.34329585332164),Crystal Lake Junction,-88.31144690193213,42.24122350800468,POINT (-88.31144690193213 42.24122350800468)
Richton Park,-87.7089841028244,41.48559221320165,POINT (-87.7089841028244 41.48559221320165),University Park,-87.7233186865824,41.458960580050025,POINT (-87.7233186865824 41.458960580050025)
University Park,-87.7233186865824,41.458960580050025,POINT (-87.7233186865824 41.458960580050025),Richton Park,-87.7089841028244,41.48559221320165,POINT (-87.7089841028244 41.48559221320165)
147th St.,-87.63594038989771,41.6230059775317,POINT (-87.63594038989771 41.6230059775317),Harvey,-87.64353497256226,41.60892659076232,POINT (-87.64353497256226 41.60892659076232)
Harvey,-87.64353497256226,41.60892659076232,POINT (-87.64353497256226 41.60892659076232),147th St.,-87.63594038989771,41.6230059775317,POINT (-87.63594038989771 41.6230059775317)
Calumet,-87.66283039070787,41.57273938550343,POINT (-87.66283039070787 41.57273938550343),Homewood,-87.66835512142204,41.56237326706866,POINT (-87.66835512142204 41.56237326706866)
Homewood,-87.66835512142204,41.56237326706866,POINT (-87.66835512142204 41.56237326706866),Calumet,-87.66283039070787,41.57273938550343,POINT (-87.66283039070787 41.57273938550343)
Olympia Fields,-87.6904114499768,41.52104326495353,POINT (-87.6904114499768 41.52104326495353),211th St.,-87.6981157322903,41.50643770556421,POINT (-87.6981157322903 41.50643770556421)
211th St.,-87.6981157322903,41.50643770556421,POINT (-87.6981157322903 41.50643770556421),Olympia Fields,-87.6904114499768,41.52104326495353,POINT (-87.6904114499768 41.52104326495353)
211th St.,-87.6981157322903,41.50643770556421,POINT (-87.6981157322903 41.50643770556421),Matteson,-87.70191106640208,41.4986770320265,POINT (-87.70191106640208 41.4986770320265)
Matteson,-87.70191106640208,41.4986770320265,POINT (-87.70191106640208 41.4986770320265),211th St.,-87.6981157322903,41.50643770556421,POINT (-87.6981157322903 41.50643770556421)
Harvey,-87.64353497256226,41.60892659076232,POINT (-87.64353497256226 41.60892659076232),Hazel Crest,-87.65850500396064,41.580838264916544,POINT (-87.65850500396064 41.580838264916544)
Hazel Crest,-87.65850500396064,41.580838264916544,POINT (-87.65850500396064 41.580838264916544),Harvey,-87.64353497256226,41.60892659076232,POINT (-87.64353497256226 41.60892659076232)
Hazel Crest,-87.65850500396064,41.580838264916544,POINT (-87.65850500396064 41.580838264916544),Calumet,-87.66283039070787,41.57273938550343,POINT (-87.66283039070787 41.57273938550343)
Calumet,-87.66283039070787,41.57273938550343,POINT (-87.66283039070787 41.57273938550343),Hazel Crest,-87.65850500396064,41.580838264916544,POINT (-87.65850500396064 41.580838264916544)
Homewood,-87.66835512142204,41.56237326706866,POINT (-87.66835512142204 41.56237326706866),Flossmoor,-87.67852003184949,41.543301045344336,POINT (-87.67852003184949 41.543301045344336)
Flossmoor,-87.67852003184949,41.543301045344336,POINT (-87.67852003184949 41.543301045344336),Homewood,-87.66835512142204,41.56237326706866,POINT (-87.66835512142204 41.56237326706866)
Flossmoor,-87.67852003184949,41.543301045344336,POINT (-87.67852003184949 41.543301045344336),Olympia Fields,-87.6904114499768,41.52104326495353,POINT (-87.6904114499768 41.52104326495353)
Olympia Fields,-87.6904114499768,41.52104326495353,POINT (-87.6904114499768 41.52104326495353),Flossmoor,-87.67852003184949,41.543301045344336,POINT (-87.67852003184949 41.543301045344336)
80th Ave.,-87.80954001043759,41.564380973934625,POINT (-87.80954001043759 41.564380973934625),Hickory Creek,-87.8476227300023,41.54797051830099,POINT (-87.8476227300023 41.54797051830099)
Hickory Creek,-87.8476227300023,41.54797051830099,POINT (-87.8476227300023 41.54797051830099),80th Ave.,-87.80954001043759,41.564380973934625,POINT (-87.80954001043759 41.564380973934625)
Oak Forest,-87.73818870161654,41.60463603228985,POINT (-87.73818870161654 41.60463603228985),Tinley Park,-87.78357691889828,41.5756112917841,POINT (-87.78357691889828 41.5756112917841)
Tinley Park,-87.78357691889828,41.5756112917841,POINT (-87.78357691889828 41.5756112917841),Oak Forest,-87.73818870161654,41.60463603228985,POINT (-87.73818870161654 41.60463603228985)
Tinley Park,-87.78357691889828,41.5756112917841,POINT (-87.78357691889828 41.5756112917841),80th Ave.,-87.80954001043759,41.564380973934625,POINT (-87.80954001043759 41.564380973934625)
80th Ave.,-87.80954001043759,41.564380973934625,POINT (-87.80954001043759 41.564380973934625),Tinley Park,-87.78357691889828,41.5756112917841,POINT (-87.78357691889828 41.5756112917841)
Hickory Creek,-87.8476227300023,41.54797051830099,POINT (-87.8476227300023 41.54797051830099),Mokena,-87.88691670415685,41.530962120243636,POINT (-87.88691670415685 41.530962120243636)
Mokena,-87.88691670415685,41.530962120243636,POINT (-87.88691670415685 41.530962120243636),Hickory Creek,-87.8476227300023,41.54797051830099,POINT (-87.8476227300023 41.54797051830099)
120th St. Junction,-87.61393128906259,41.67679554508016,POINT (-87.61393128906259 41.67679554508016),Riverdale,-87.62329502704384,41.64632907848837,POINT (-87.62329502704384 41.64632907848837)
Riverdale,-87.62329502704384,41.64632907848837,POINT (-87.62329502704384 41.64632907848837),120th St. Junction,-87.61393128906259,41.67679554508016,POINT (-87.61393128906259 41.67679554508016)
120th St. Junction,-87.61393128906259,41.67679554508016,POINT (-87.61393128906259 41.67679554508016),State St.,-87.62160636964263,41.67443415855732,POINT (-87.62160636964263 41.67443415855732)
State St.,-87.62160636964263,41.67443415855732,POINT (-87.62160636964263 41.67443415855732),120th St. Junction,-87.61393128906259,41.67679554508016,POINT (-87.61393128906259 41.67679554508016)
Midlothian,-87.71240661242535,41.62598070665787,POINT (-87.71240661242535 41.62598070665787),Oak Forest,-87.73818870161654,41.60463603228985,POINT (-87.73818870161654 41.60463603228985)
Oak Forest,-87.73818870161654,41.60463603228985,POINT (-87.73818870161654 41.60463603228985),Midlothian,-87.71240661242535,41.62598070665787,POINT (-87.71240661242535 41.62598070665787)
Robbins,-87.69455638969056,41.64077181625224,POINT (-87.69455638969056 41.64077181625224),Midlothian,-87.71240661242535,41.62598070665787,POINT (-87.71240661242535 41.62598070665787)
Midlothian,-87.71240661242535,41.62598070665787,POINT (-87.71240661242535 41.62598070665787),Robbins,-87.69455638969056,41.64077181625224,POINT (-87.69455638969056 41.64077181625224)
Western Ave. Junction,-87.69455638969056,41.64077181625224,POINT (-87.69455638969056 41.64077181625224),Robbins,-87.68000286980555,41.652890521665086,POINT (-87.68000286980555 41.652890521665086)
Robbins,-87.68000286980555,41.652890521665086,POINT (-87.68000286980555 41.652890521665086),Western Ave. Junction,-87.69455638969056,41.64077181625224,POINT (-87.69455638969056 41.64077181625224)
Ashland Ave.,-87.66062332965731,41.66943352510839,POINT (-87.66062332965731 41.66943352510839),Burr Oak,-87.66878654736007,41.6623256250682,POINT (-87.66878654736007 41.6623256250682)
Burr Oak,-87.66878654736007,41.6623256250682,POINT (-87.66878654736007 41.6623256250682),Ashland Ave.,-87.66062332965731,41.66943352510839,POINT (-87.66062332965731 41.66943352510839)
Racine Ave.,-87.65215672558804,41.67411419109412,POINT (-87.65215672558804 41.67411419109412),Ashland Ave.,-87.66062332965731,41.66943352510839,POINT (-87.66062332965731 41.66943352510839)
Ashland Ave.,-87.66062332965731,41.66943352510839,POINT (-87.66062332965731 41.66943352510839),Racine Ave.,-87.65215672558804,41.67411419109412,POINT (-87.65215672558804 41.67411419109412)
West Pullman,-87.64224673432795,41.674215078702346,POINT (-87.64224673432795 41.674215078702346),Racine Ave.,-87.65215672558804,41.67411419109412,POINT (-87.65215672558804 41.67411419109412)
Racine Ave.,-87.65215672558804,41.67411419109412,POINT (-87.65215672558804 41.67411419109412),West Pullman,-87.64224673432795,41.674215078702346,POINT (-87.64224673432795 41.674215078702346)
State St.,-87.62160636964263,41.67443415855732,POINT (-87.62160636964263 41.67443415855732),Stewart Ridge,-87.63161093490031,41.67432292218475,POINT (-87.63161093490031 41.67432292218475)
Stewart Ridge,-87.63161093490031,41.67432292218475,POINT (-87.63161093490031 41.67432292218475),State St.,-87.62160636964263,41.67443415855732,POINT (-87.62160636964263 41.67443415855732)
Blue Island Vermont St.,-87.68000286980555,41.652890521665086,POINT (-87.68000286980555 41.652890521665086),Western Ave. Junction,-87.67784666263128,41.65485873517956,POINT (-87.67784666263128 41.65485873517956)
Western Ave. Junction,-87.67784666263128,41.65485873517956,POINT (-87.67784666263128 41.65485873517956),Blue Island Vermont St.,-87.68000286980555,41.652890521665086,POINT (-87.68000286980555 41.652890521665086)
Blue Island Vermont St.,-87.68000286980555,41.652890521665086,POINT (-87.68000286980555 41.652890521665086),Western Ave. Junction,-87.677495217991,41.65470447372012,POINT (-87.677495217991 41.65470447372012)
Western Ave. Junction,-87.677495217991,41.65470447372012,POINT (-87.677495217991 41.65470447372012),Blue Island Vermont St.,-87.68000286980555,41.652890521665086,POINT (-87.68000286980555 41.652890521665086)
Stewart Ridge,-87.63161093490031,41.67432292218475,POINT (-87.63161093490031 41.67432292218475),West Pullman,-87.64224673432795,41.674215078702346,POINT (-87.64224673432795 41.674215078702346)
West Pullman,-87.64224673432795,41.674215078702346,POINT (-87.64224673432795 41.674215078702346),Stewart Ridge,-87.63161093490031,41.67432292218475,POINT (-87.63161093490031 41.67432292218475)
Riverdale,-87.62329502704384,41.64632907848837,POINT (-87.62329502704384 41.64632907848837),Ivanhoe,-87.63006922040013,41.63374484763738,POINT (-87.63006922040013 41.63374484763738)
Ivanhoe,-87.63006922040013,41.63374484763738,POINT (-87.63006922040013 41.63374484763738),Riverdale,-87.62329502704384,41.64632907848837,POINT (-87.62329502704384 41.64632907848837)
Ivanhoe,-87.63006922040013,41.63374484763738,POINT (-87.63006922040013 41.63374484763738),147th St.,-87.63594038989771,41.6230059775317,POINT (-87.63594038989771 41.6230059775317)
147th St.,-87.63594038989771,41.6230059775317,POINT (-87.63594038989771 41.6230059775317),Ivanhoe,-87.63006922040013,41.63374484763738,POINT (-87.63006922040013 41.63374484763738)
Prairie St.,-87.67510286268165,41.66226259878574,POINT (-87.67510286268165 41.66226259878574),Blue Island Vermont St.,-87.67784666263128,41.65485873517956,POINT (-87.67784666263128 41.65485873517956)
Blue Island Vermont St.,-87.67784666263128,41.65485873517956,POINT (-87.67784666263128 41.65485873517956),Prairie St.,-87.67510286268165,41.66226259878574,POINT (-87.67510286268165 41.66226259878574)
123rd St.,-87.67362403975851,41.67028775644405,POINT (-87.67362403975851 41.67028775644405),Prairie St.,-87.67510286268165,41.66226259878574,POINT (-87.67510286268165 41.66226259878574)
Prairie St.,-87.67510286268165,41.66226259878574,POINT (-87.67510286268165 41.66226259878574),123rd St.,-87.67362403975851,41.67028775644405,POINT (-87.67362403975851 41.67028775644405)
119th St.,-87.67258006181198,41.67637159459727,POINT (-87.67258006181198 41.67637159459727),123rd St.,-87.67362403975851,41.67028775644405,POINT (-87.67362403975851 41.67028775644405)
123rd St.,-87.67362403975851,41.67028775644405,POINT (-87.67362403975851 41.67028775644405),119th St.,-87.67258006181198,41.67637159459727,POINT (-87.67258006181198 41.67637159459727)
Palos Park,-87.82090641762903,41.668478515511225,POINT (-87.82090641762903 41.668478515511225),143rd St.,-87.8595742400686,41.63065306228463,POINT (-87.8595742400686 41.63065306228463)
143rd St.,-87.8595742400686,41.63065306228463,POINT (-87.8595742400686 41.63065306228463),Palos Park,-87.82090641762903,41.668478515511225,POINT (-87.82090641762903 41.668478515511225)
143rd St.,-87.8595742400686,41.63065306228463,POINT (-87.8595742400686 41.63065306228463),153rd St.,-87.8736746564954,41.609572245390936,POINT (-87.8736746564954 41.609572245390936)
153rd St.,-87.8736746564954,41.609572245390936,POINT (-87.8736746564954 41.609572245390936),143rd St.,-87.8595742400686,41.63065306228463,POINT (-87.8595742400686 41.63065306228463)
Lemont,-88.00366298607825,41.67368515350567,POINT (-88.00366298607825 41.67368515350567),Lockport,-88.06031004757857,41.585384159273225,POINT (-88.06031004757857 41.585384159273225)
Lockport,-88.06031004757857,41.585384159273225,POINT (-88.06031004757857 41.585384159273225),Lemont,-88.00366298607825,41.67368515350567,POINT (-88.00366298607825 41.67368515350567)
Wheaton,-88.10872653598604,41.86445254161747,POINT (-88.10872653598604 41.86445254161747),Winfield,-88.15748627917684,41.870014589694826,POINT (-88.15748627917684 41.870014589694826)
Winfield,-88.15748627917684,41.870014589694826,POINT (-88.15748627917684 41.870014589694826),Wheaton,-88.10872653598604,41.86445254161747,POINT (-88.10872653598604 41.86445254161747)
Hanover Park,-88.18628250533123,41.99257521760923,POINT (-88.18628250533123 41.99257521760923),Bartlett,-88.14928165259208,41.98812752519087,POINT (-88.14928165259208 41.98812752519087)
Bartlett,-88.14928165259208,41.98812752519087,POINT (-88.14928165259208 41.98812752519087),Hanover Park,-88.18628250533123,41.99257521760923,POINT (-88.18628250533123 41.99257521760923)
Schaumburg,-88.14928165259208,41.98812752519087,POINT (-88.14928165259208 41.98812752519087),Hanover Park,-88.11835269457585,41.98923495803079,POINT (-88.11835269457585 41.98923495803079)
Hanover Park,-88.11835269457585,41.98923495803079,POINT (-88.11835269457585 41.98923495803079),Schaumburg,-88.14928165259208,41.98812752519087,POINT (-88.14928165259208 41.98812752519087)
Winfield,-88.15748627917684,41.870014589694826,POINT (-88.15748627917684 41.870014589694826),West Chicago,-88.19891644925224,41.88106869584185,POINT (-88.19891644925224 41.88106869584185)
West Chicago,-88.19891644925224,41.88106869584185,POINT (-88.19891644925224 41.88106869584185),Winfield,-88.15748627917684,41.870014589694826,POINT (-88.15748627917684 41.870014589694826)
Elgin,-88.32842887110593,42.058673904996176,POINT (-88.32842887110593 42.058673904996176),Big Timber,-88.28616792236674,42.036256068397876,POINT (-88.28616792236674 42.036256068397876)
Big Timber,-88.28616792236674,42.036256068397876,POINT (-88.28616792236674 42.036256068397876),Elgin,-88.32842887110593,42.058673904996176,POINT (-88.32842887110593 42.058673904996176)
Hubbard Woods,-87.75815404949883,42.13552519067055,POINT (-87.75815404949883 42.13552519067055),Glencoe,-87.74344129940644,42.11818408064156,POINT (-87.74344129940644 42.11818408064156)
Glencoe,-87.74344129940644,42.11818408064156,POINT (-87.74344129940644 42.11818408064156),Hubbard Woods,-87.75815404949883,42.13552519067055,POINT (-87.75815404949883 42.13552519067055)
Glencoe,-87.77282854559654,42.15298637984123,POINT (-87.77282854559654 42.15298637984123),Braeside,-87.75815404949883,42.13552519067055,POINT (-87.75815404949883 42.13552519067055)
Braeside,-87.75815404949883,42.13552519067055,POINT (-87.75815404949883 42.13552519067055),Glencoe,-87.77282854559654,42.15298637984123,POINT (-87.77282854559654 42.15298637984123)
Ravinia,-87.79771343557391,42.183512906494144,POINT (-87.79771343557391 42.183512906494144),Highland Park,-87.78322754777946,42.16538000650755,POINT (-87.78322754777946 42.16538000650755)
Highland Park,-87.78322754777946,42.16538000650755,POINT (-87.78322754777946 42.16538000650755),Ravinia,-87.79771343557391,42.183512906494144,POINT (-87.79771343557391 42.183512906494144)
Highland Park,-87.80999751046998,42.20241965052138,POINT (-87.80999751046998 42.20241965052138),Highwood,-87.79771343557391,42.183512906494144,POINT (-87.79771343557391 42.183512906494144)
Highwood,-87.79771343557391,42.183512906494144,POINT (-87.79771343557391 42.183512906494144),Highland Park,-87.80999751046998,42.20241965052138,POINT (-87.80999751046998 42.20241965052138)
Highwood,-87.82114772610907,42.21741989856786,POINT (-87.82114772610907 42.21741989856786),Fort Sheridan,-87.80999751046998,42.20241965052138,POINT (-87.80999751046998 42.20241965052138)
Fort Sheridan,-87.80999751046998,42.20241965052138,POINT (-87.80999751046998 42.20241965052138),Highwood,-87.82114772610907,42.21741989856786,POINT (-87.82114772610907 42.21741989856786)
Palatine,-88.13210583088286,42.15289697854315,POINT (-88.13210583088286 42.15289697854315),Barrington,-88.04992884306584,42.11360925991105,POINT (-88.04992884306584 42.11360925991105)
Barrington,-88.04992884306584,42.11360925991105,POINT (-88.04992884306584 42.11360925991105),Palatine,-88.13210583088286,42.15289697854315,POINT (-88.13210583088286 42.15289697854315)
Cary,-88.31144690193213,42.24122350800468,POINT (-88.31144690193213 42.24122350800468),Crystal Lake Junction,-88.24141193029442,42.209163635526245,POINT (-88.24141193029442 42.209163635526245)
Crystal Lake Junction,-88.24141193029442,42.209163635526245,POINT (-88.24141193029442 42.209163635526245),Cary,-88.31144690193213,42.24122350800468,POINT (-88.31144690193213 42.24122350800468)
Fox River Grove,-88.24141193029442,42.209163635526245,POINT (-88.24141193029442 42.209163635526245),Cary,-88.21886340684195,42.19751888851626,POINT (-88.21886340684195 42.19751888851626)
Cary,-88.21886340684195,42.19751888851626,POINT (-88.21886340684195 42.19751888851626),Fox River Grove,-88.24141193029442,42.209163635526245,POINT (-88.24141193029442 42.209163635526245)
Fort Sheridan,-87.83971489335646,42.25235867906735,POINT (-87.83971489335646 42.25235867906735),Lake Forest,-87.82114772610907,42.21741989856786,POINT (-87.82114772610907 42.21741989856786)
Lake Forest,-87.82114772610907,42.21741989856786,POINT (-87.82114772610907 42.21741989856786),Fort Sheridan,-87.83971489335646,42.25235867906735,POINT (-87.83971489335646 42.25235867906735)
Lake Forest,-87.84676313482669,42.279588742081955,POINT (-87.84676313482669 42.279588742081955),Lake Bluff,-87.83971489335646,42.25235867906735,POINT (-87.83971489335646 42.25235867906735)
Lake Bluff,-87.83971489335646,42.25235867906735,POINT (-87.83971489335646 42.25235867906735),Lake Forest,-87.84676313482669,42.279588742081955,POINT (-87.84676313482669 42.279588742081955)
North Chicago,-87.82795249793702,42.36063605518417,POINT (-87.82795249793702 42.36063605518417),Waukegan,-87.83704321591497,42.3289238176582,POINT (-87.83704321591497 42.3289238176582)
Waukegan,-87.83704321591497,42.3289238176582,POINT (-87.83704321591497 42.3289238176582),North Chicago,-87.82795249793702,42.36063605518417,POINT (-87.82795249793702 42.36063605518417)
Lake Forest,-87.95644511360378,42.29108324518938,POINT (-87.95644511360378 42.29108324518938),Libertyville,-87.87462405299509,42.22352861710213,POINT (-87.87462405299509 42.22352861710213)
Libertyville,-87.87462405299509,42.22352861710213,POINT (-87.87462405299509 42.22352861710213),Lake Forest,-87.95644511360378,42.29108324518938,POINT (-87.95644511360378 42.29108324518938)
Grayslake,-88.0939289068378,42.35456391239922,POINT (-88.0939289068378 42.35456391239922),Round Lake,-88.04332447932092,42.33354147995653,POINT (-88.04332447932092 42.33354147995653)
Round Lake,-88.04332447932092,42.33354147995653,POINT (-88.04332447932092 42.33354147995653),Grayslake,-88.0939289068378,42.35456391239922,POINT (-88.0939289068378 42.35456391239922)
Round Lake,-88.12805051705648,42.3678965751628,POINT (-88.12805051705648 42.3678965751628),Long Lake,-88.0939289068378,42.35456391239922,POINT (-88.0939289068378 42.35456391239922)
Long Lake,-88.0939289068378,42.35456391239922,POINT (-88.0939289068378 42.35456391239922),Round Lake,-88.12805051705648,42.3678965751628,POINT (-88.12805051705648 42.3678965751628)
Crystal Lake,-88.4472813993153,42.31683655914711,POINT (-88.4472813993153 42.31683655914711),Woodstock,-88.31706096247487,42.24415000047859,POINT (-88.31706096247487 42.24415000047859)
Woodstock,-88.31706096247487,42.24415000047859,POINT (-88.31706096247487 42.24415000047859),Crystal Lake,-88.4472813993153,42.31683655914711,POINT (-88.4472813993153 42.31683655914711)
Zion,-87.81625575267394,42.482618854450344,POINT (-87.81625575267394 42.482618854450344),Winthrop Harbor,-87.81812858815344,42.449513168487314,POINT (-87.81812858815344 42.449513168487314)
Winthrop Harbor,-87.81812858815344,42.449513168487314,POINT (-87.81812858815344 42.449513168487314),Zion,-87.81625575267394,42.482618854450344,POINT (-87.81625575267394 42.482618854450344)
Waukegan,-87.81812858815344,42.449513168487314,POINT (-87.81812858815344 42.449513168487314),Zion,-87.82795249793702,42.36063605518417,POINT (-87.82795249793702 42.36063605518417)
Zion,-87.82795249793702,42.36063605518417,POINT (-87.82795249793702 42.36063605518417),Waukegan,-87.81812858815344,42.449513168487314,POINT (-87.81812858815344 42.449513168487314)
Ingleside,-88.18207173931474,42.398302195021635,POINT (-88.18207173931474 42.398302195021635),Fox Lake,-88.15498055732948,42.384144145677375,POINT (-88.15498055732948 42.384144145677375)
Fox Lake,-88.15498055732948,42.384144145677375,POINT (-88.15498055732948 42.384144145677375),Ingleside,-88.18207173931474,42.398302195021635,POINT (-88.18207173931474 42.398302195021635)
Long Lake,-88.15498055732948,42.384144145677375,POINT (-88.15498055732948 42.384144145677375),Ingleside,-88.12805051705648,42.3678965751628,POINT (-88.12805051705648 42.3678965751628)
Ingleside,-88.12805051705648,42.3678965751628,POINT (-88.12805051705648 42.3678965751628),Long Lake,-88.15498055732948,42.384144145677375,POINT (-88.15498055732948 42.384144145677375)
Woodstock,-88.6171196521762,42.41935114139752,POINT (-88.6171196521762 42.41935114139752),Harvard,-88.4472813993153,42.31683655914711,POINT (-88.4472813993153 42.31683655914711)
Harvard,-88.4472813993153,42.31683655914711,POINT (-88.4472813993153 42.31683655914711),Woodstock,-88.6171196521762,42.41935114139752,POINT (-88.6171196521762 42.41935114139752)
Libertyville,-88.04332447932092,42.33354147995653,POINT (-88.04332447932092 42.33354147995653),Grayslake,-87.95644511360378,42.29108324518938,POINT (-87.95644511360378 42.29108324518938)
Grayslake,-87.95644511360378,42.29108324518938,POINT (-87.95644511360378 42.29108324518938),Libertyville,-88.04332447932092,42.33354147995653,POINT (-88.04332447932092 42.33354147995653)
Crystal Lake Junction,-88.31706096247487,42.24415000047859,POINT (-88.31706096247487 42.24415000047859),Crystal Lake,-88.31144690193213,42.24122350800468,POINT (-88.31144690193213 42.24122350800468)
Crystal Lake,-88.31144690193213,42.24122350800468,POINT (-88.31144690193213 42.24122350800468),Crystal Lake Junction,-88.31706096247487,42.24415000047859,POINT (-88.31706096247487 42.24415000047859)
95th St.,-87.6036753195489,41.72141741788474,POINT (-87.6036753195489 41.72141741788474),103rd St.,-87.60700670050655,41.70696703982585,POINT (-87.60700670050655 41.70696703982585)
103rd St.,-87.60700670050655,41.70696703982585,POINT (-87.60700670050655 41.70696703982585),95th St.,-87.6036753195489,41.72141741788474,POINT (-87.6036753195489 41.72141741788474)
103rd St.,-87.60700670050655,41.70696703982585,POINT (-87.60700670050655 41.70696703982585),107th St.,-87.60865830082524,41.69983980729054,POINT (-87.60865830082524 41.69983980729054)
107th St.,-87.60865830082524,41.69983980729054,POINT (-87.60865830082524 41.69983980729054),103rd St.,-87.60700670050655,41.70696703982585,POINT (-87.60700670050655 41.70696703982585)
107th St.,-87.60865830082524,41.69983980729054,POINT (-87.60865830082524 41.69983980729054),111th St.,-87.6102146353689,41.69309708154361,POINT (-87.6102146353689 41.69309708154361)
111th St.,-87.6102146353689,41.69309708154361,POINT (-87.6102146353689 41.69309708154361),107th St.,-87.60865830082524,41.69983980729054,POINT (-87.60865830082524 41.69983980729054)
Barrington,-88.21886340684195,42.19751888851626,POINT (-88.21886340684195 42.19751888851626),Fox River Grove,-88.13210583088286,42.15289697854315,POINT (-88.13210583088286 42.15289697854315)
Fox River Grove,-88.13210583088286,42.15289697854315,POINT (-88.13210583088286 42.15289697854315),Barrington,-88.21886340684195,42.19751888851626,POINT (-88.21886340684195 42.19751888851626)
New Lenox,-88.07930080661004,41.52417973186701,POINT (-88.07930080661004 41.52417973186701),Joliet,-87.96523015675663,41.51456087015662,POINT (-87.96523015675663 41.51456087015662)
Joliet,-87.96523015675663,41.51456087015662,POINT (-87.96523015675663 41.51456087015662),New Lenox,-88.07930080661004,41.52417973186701,POINT (-88.07930080661004 41.52417973186701)
Matteson,-87.70191106640208,41.4986770320265,POINT (-87.70191106640208 41.4986770320265),Richton Park,-87.7089841028244,41.48559221320165,POINT (-87.7089841028244 41.48559221320165)
Richton Park,-87.7089841028244,41.48559221320165,POINT (-87.7089841028244 41.48559221320165),Matteson,-87.70191106640208,41.4986770320265,POINT (-87.70191106640208 41.4986770320265)
Mokena,-87.88691670415685,41.530962120243636,POINT (-87.88691670415685 41.530962120243636),New Lenox,-87.96523015675663,41.51456087015662,POINT (-87.96523015675663 41.51456087015662)
New Lenox,-87.96523015675663,41.51456087015662,POINT (-87.96523015675663 41.51456087015662),Mokena,-87.88691670415685,41.530962120243636,POINT (-87.88691670415685 41.530962120243636)
Lockport,-88.06031004757857,41.585384159273225,POINT (-88.06031004757857 41.585384159273225),Joliet,-88.07930080661004,41.52417973186701,POINT (-88.07930080661004 41.52417973186701)
Joliet,-88.07930080661004,41.52417973186701,POINT (-88.07930080661004 41.52417973186701),Lockport,-88.06031004757857,41.585384159273225,POINT (-88.06031004757857 41.585384159273225)
West Chicago,-88.19891644925224,41.88106869584185,POINT (-88.19891644925224 41.88106869584185),Geneva,-88.31020828939712,41.881501400093825,POINT (-88.31020828939712 41.881501400093825)
Geneva,-88.31020828939712,41.881501400093825,POINT (-88.31020828939712 41.881501400093825),West Chicago,-88.19891644925224,41.88106869584185,POINT (-88.19891644925224 41.88106869584185)
Burr Oak,-87.66878654736007,41.6623256250682,POINT (-87.66878654736007 41.6623256250682),Blue Island,-87.67612597827248,41.65569614586508,POINT (-87.67612597827248 41.65569614586508)
Blue Island,-87.67612597827248,41.65569614586508,POINT (-87.67612597827248 41.65569614586508),Burr Oak,-87.66878654736007,41.6623256250682,POINT (-87.66878654736007 41.6623256250682)
National St.,-88.28616792236674,42.036256068397876,POINT (-88.28616792236674 42.036256068397876),Elgin,-88.27996814671843,42.02913255797078,POINT (-88.27996814671843 42.02913255797078)
Elgin,-88.27996814671843,42.02913255797078,POINT (-88.27996814671843 42.02913255797078),National St.,-88.28616792236674,42.036256068397876,POINT (-88.28616792236674 42.036256068397876)
Bartlett,-88.27996814671843,42.02913255797078,POINT (-88.27996814671843 42.02913255797078),National St.,-88.18628250533123,41.99257521760923,POINT (-88.18628250533123 41.99257521760923)
National St.,-88.18628250533123,41.99257521760923,POINT (-88.18628250533123 41.99257521760923),Bartlett,-88.27996814671843,42.02913255797078,POINT (-88.27996814671843 42.02913255797078)
Great Lakes,-87.83704321591497,42.3289238176582,POINT (-87.83704321591497 42.3289238176582),North Chicago,-87.84663465115314,42.30834295790128,POINT (-87.84663465115314 42.30834295790128)
North Chicago,-87.84663465115314,42.30834295790128,POINT (-87.84663465115314 42.30834295790128),Great Lakes,-87.83704321591497,42.3289238176582,POINT (-87.83704321591497 42.3289238176582)
Lake Bluff,-87.84663465115314,42.30834295790128,POINT (-87.84663465115314 42.30834295790128),Great Lakes,-87.84676313482669,42.279588742081955,POINT (-87.84676313482669 42.279588742081955)
Great Lakes,-87.84676313482669,42.279588742081955,POINT (-87.84676313482669 42.279588742081955),Lake Bluff,-87.84663465115314,42.30834295790128,POINT (-87.84663465115314 42.30834295790128)
Ravinia Park,-87.78322754777946,42.16538000650755,POINT (-87.78322754777946 42.16538000650755),Ravinia,-87.77669447767242,42.157609835778935,POINT (-87.77669447767242 42.157609835778935)
Ravinia,-87.77669447767242,42.157609835778935,POINT (-87.77669447767242 42.157609835778935),Ravinia Park,-87.78322754777946,42.16538000650755,POINT (-87.78322754777946 42.16538000650755)
Braeside,-87.77669447767242,42.157609835778935,POINT (-87.77669447767242 42.157609835778935),Ravinia Park,-87.77282854559654,42.15298637984123,POINT (-87.77282854559654 42.15298637984123)
Ravinia Park,-87.77282854559654,42.15298637984123,POINT (-87.77282854559654 42.15298637984123),Braeside,-87.77669447767242,42.157609835778935,POINT (-87.77669447767242 42.157609835778935)
Deerfield,-87.87462405299509,42.22352861710213,POINT (-87.87462405299509 42.22352861710213),Lake Forest,-87.84989620941528,42.168127730828594,POINT (-87.84989620941528 42.168127730828594)
Lake Forest,-87.84989620941528,42.168127730828594,POINT (-87.84989620941528 42.168127730828594),Deerfield,-87.87462405299509,42.22352861710213,POINT (-87.87462405299509 42.22352861710213)
153rd St.,-87.8736746564954,41.609572245390936,POINT (-87.8736746564954 41.609572245390936),179th St.,-87.9028203838136,41.5636634937275,POINT (-87.9028203838136 41.5636634937275)
179th St.,-87.9028203838136,41.5636634937275,POINT (-87.9028203838136 41.5636634937275),153rd St.,-87.8736746564954,41.609572245390936,POINT (-87.8736746564954 41.609572245390936)
Lake Villa,-88.09217255076558,42.480720800202675,POINT (-88.09217255076558 42.480720800202675),Antioch,-88.07929200010932,42.417586659733765,POINT (-88.07929200010932 42.417586659733765)
Antioch,-88.07929200010932,42.417586659733765,POINT (-88.07929200010932 42.417586659733765),Lake Villa,-88.09217255076558,42.480720800202675,POINT (-88.09217255076558 42.480720800202675)
Wheeling,-87.94112819259409,42.168477126311636,POINT (-87.94112819259409 42.168477126311636),Buffalo Grove,-87.92715853426556,42.13644688506416,POINT (-87.92715853426556 42.13644688506416)
Buffalo Grove,-87.92715853426556,42.13644688506416,POINT (-87.92715853426556 42.13644688506416),Wheeling,-87.94112819259409,42.168477126311636,POINT (-87.94112819259409 42.168477126311636)
Buffalo Grove,-87.9555786793249,42.197975562192056,POINT (-87.9555786793249 42.197975562192056),Prairie View,-87.94112819259409,42.168477126311636,POINT (-87.94112819259409 42.168477126311636)
Prairie View,-87.94112819259409,42.168477126311636,POINT (-87.94112819259409 42.168477126311636),Buffalo Grove,-87.9555786793249,42.197975562192056,POINT (-87.9555786793249 42.197975562192056)
Prairie View,-87.96482328537019,42.215571378849326,POINT (-87.96482328537019 42.215571378849326),Vernon Hills,-87.9555786793249,42.197975562192056,POINT (-87.9555786793249 42.197975562192056)
Vernon Hills,-87.9555786793249,42.197975562192056,POINT (-87.9555786793249 42.197975562192056),Prairie View,-87.96482328537019,42.215571378849326,POINT (-87.96482328537019 42.215571378849326)
Mundelein,-88.01773293733342,42.318546717835154,POINT (-88.01773293733342 42.318546717835154),Prairie Crossing,-87.99769591008302,42.26670737010856,POINT (-87.99769591008302 42.26670737010856)
Prairie Crossing,-87.99769591008302,42.26670737010856,POINT (-87.99769591008302 42.26670737010856),Mundelein,-88.01773293733342,42.318546717835154,POINT (-88.01773293733342 42.318546717835154)
Round Lake Beach,-88.07929200010932,42.417586659733765,POINT (-88.07929200010932 42.417586659733765),Lake Villa,-88.06516710874637,42.38475258456347,POINT (-88.06516710874637 42.38475258456347)
Lake Villa,-88.06516710874637,42.38475258456347,POINT (-88.06516710874637 42.38475258456347),Round Lake Beach,-88.07929200010932,42.417586659733765,POINT (-88.07929200010932 42.417586659733765)
Prairie Crossing,-88.06516710874637,42.38475258456347,POINT (-88.06516710874637 42.38475258456347),Round Lake Beach,-88.01773293733342,42.318546717835154,POINT (-88.01773293733342 42.318546717835154)
Round Lake Beach,-88.01773293733342,42.318546717835154,POINT (-88.01773293733342 42.318546717835154),Prairie Crossing,-88.06516710874637,42.38475258456347,POINT (-88.06516710874637 42.38475258456347)
Lake Cook,-87.84989620941528,42.168127730828594,POINT (-87.84989620941528 42.168127730828594),Deerfield,-87.84099079049507,42.15164851088396,POINT (-87.84099079049507 42.15164851088396)
Deerfield,-87.84099079049507,42.15164851088396,POINT (-87.84099079049507 42.15164851088396),Lake Cook,-87.84989620941528,42.168127730828594,POINT (-87.84989620941528 42.168127730828594)
Northbrook,-87.84099079049507,42.15164851088396,POINT (-87.84099079049507 42.15164851088396),Lake Cook,-87.82813748667259,42.12762956992147,POINT (-87.82813748667259 42.12762956992147)
Lake Cook,-87.82813748667259,42.12762956992147,POINT (-87.82813748667259 42.12762956992147),Northbrook,-87.84099079049507,42.15164851088396,POINT (-87.84099079049507 42.15164851088396)
Vernon Hills,-87.99769591008302,42.26670737010856,POINT (-87.99769591008302 42.26670737010856),Mundelein,-87.96482328537019,42.215571378849326,POINT (-87.96482328537019 42.215571378849326)
Mundelein,-87.96482328537019,42.215571378849326,POINT (-87.96482328537019 42.215571378849326),Vernon Hills,-87.99769591008302,42.26670737010856,POINT (-87.99769591008302 42.26670737010856)
Winthrop Harbor,-87.8209220264708,42.58728239190091,POINT (-87.8209220264708 42.58728239190091),Kenosha,-87.81625575267394,42.482618854450344,POINT (-87.81625575267394 42.482618854450344)
Kenosha,-87.81625575267394,42.482618854450344,POINT (-87.81625575267394 42.482618854450344),Winthrop Harbor,-87.8209220264708,42.58728239190091,POINT (-87.8209220264708 42.58728239190091)
111th St.,-87.6102146353689,41.69309708154361,POINT (-87.6102146353689 41.69309708154361),Kensington,-87.61183360328653,41.68603009241747,POINT (-87.61183360328653 41.68603009241747)
Kensington,-87.61183360328653,41.68603009241747,POINT (-87.61183360328653 41.68603009241747),111th St.,-87.6102146353689,41.69309708154361,POINT (-87.6102146353689 41.69309708154361)
Kensington,-87.61183360328653,41.68603009241747,POINT (-87.61183360328653 41.68603009241747),Kensington Junction,-87.61231029172376,41.683936056285184,POINT (-87.61231029172376 41.683936056285184)
Kensington Junction,-87.61231029172376,41.683936056285184,POINT (-87.61231029172376 41.683936056285184),Kensington,-87.61183360328653,41.68603009241747,POINT (-87.61183360328653 41.68603009241747)
Kensington Junction,-87.61231029172376,41.683936056285184,POINT (-87.61231029172376 41.683936056285184),Hegewisch,-87.5462363165446,41.64827214027495,POINT (-87.5462363165446 41.64827214027495)
Hegewisch,-87.5462363165446,41.64827214027495,POINT (-87.5462363165446 41.64827214027495),Kensington Junction,-87.61231029172376,41.683936056285184,POINT (-87.61231029172376 41.683936056285184)
115th St.,-87.67145693816737,41.68499303477348,POINT (-87.67145693816737 41.68499303477348),119th St.,-87.67258006181198,41.67637159459727,POINT (-87.67258006181198 41.67637159459727)
119th St.,-87.67258006181198,41.67637159459727,POINT (-87.67258006181198 41.67637159459727),115th St.,-87.67145693816737,41.68499303477348,POINT (-87.67145693816737 41.68499303477348)
111th St.,-87.67049482068957,41.69276241303946,POINT (-87.67049482068957 41.69276241303946),115th St.,-87.67145693816737,41.68499303477348,POINT (-87.67145693816737 41.68499303477348)
115th St.,-87.67145693816737,41.68499303477348,POINT (-87.67145693816737 41.68499303477348),111th St.,-87.67049482068957,41.69276241303946,POINT (-87.67049482068957 41.69276241303946)
107th St.,-87.66975459123944,41.69891790553459,POINT (-87.66975459123944 41.69891790553459),111th St.,-87.67049482068957,41.69276241303946,POINT (-87.67049482068957 41.69276241303946)
111th St.,-87.67049482068957,41.69276241303946,POINT (-87.67049482068957 41.69276241303946),107th St.,-87.66975459123944,41.69891790553459,POINT (-87.66975459123944 41.69891790553459)
103rd St.,-87.66890481397424,41.70621628718249,POINT (-87.66890481397424 41.70621628718249),107th St.,-87.66975459123944,41.69891790553459,POINT (-87.66975459123944 41.69891790553459)
107th St.,-87.66975459123944,41.69891790553459,POINT (-87.66975459123944 41.69891790553459),103rd St.,-87.66890481397424,41.70621628718249,POINT (-87.66890481397424 41.70621628718249)
99th St.,-87.66728697882489,41.71363454923137,POINT (-87.66728697882489 41.71363454923137),103rd St.,-87.66890481397424,41.70621628718249,POINT (-87.66890481397424 41.70621628718249)
103rd St.,-87.66890481397424,41.70621628718249,POINT (-87.66890481397424 41.70621628718249),99th St.,-87.66728697882489,41.71363454923137,POINT (-87.66728697882489 41.71363454923137)
95th St.,-87.6675476971059,41.72153633244478,POINT (-87.6675476971059 41.72153633244478),95th St.,-87.66728697882489,41.71363454923137,POINT (-87.66728697882489 41.71363454923137)
95th St.,-87.66728697882489,41.71363454923137,POINT (-87.66728697882489 41.71363454923137),95th St.,-87.6675476971059,41.72153633244478,POINT (-87.6675476971059 41.72153633244478)
Longwood,-87.65055511406014,41.72070943105646,POINT (-87.65055511406014 41.72070943105646),Washington Heights,-87.65610720572927,41.70558300039023,POINT (-87.65610720572927 41.70558300039023)
Washington Heights,-87.65610720572927,41.70558300039023,POINT (-87.65610720572927 41.70558300039023),Longwood,-87.65055511406014,41.72070943105646,POINT (-87.65055511406014 41.72070943105646)
Worth,-87.79568873351506,41.691653608207886,POINT (-87.79568873351506 41.691653608207886),Palos Park,-87.82090641762903,41.668478515511225,POINT (-87.82090641762903 41.668478515511225)
Palos Park,-87.82090641762903,41.668478515511225,POINT (-87.82090641762903 41.668478515511225),Worth,-87.79568873351506,41.691653608207886,POINT (-87.79568873351506 41.691653608207886)
Oak Lawn,-87.749149888162,41.71939709030534,POINT (-87.749149888162 41.71939709030534),Chicago Ridge,-87.77977882293476,41.70394878497401,POINT (-87.77977882293476 41.70394878497401)
Chicago Ridge,-87.77977882293476,41.70394878497401,POINT (-87.77977882293476 41.70394878497401),Oak Lawn,-87.749149888162,41.71939709030534,POINT (-87.749149888162 41.71939709030534)
Chicago Ridge,-87.77977882293476,41.70394878497401,POINT (-87.77977882293476 41.70394878497401),Worth,-87.79568873351506,41.691653608207886,POINT (-87.79568873351506 41.691653608207886)
Worth,-87.79568873351506,41.691653608207886,POINT (-87.79568873351506 41.691653608207886),Chicago Ridge,-87.77977882293476,41.70394878497401,POINT (-87.77977882293476 41.70394878497401)
Willow Springs,-87.87848331593389,41.73325705946617,POINT (-87.87848331593389 41.73325705946617),Lemont,-88.00366298607825,41.67368515350567,POINT (-88.00366298607825 41.67368515350567)
Lemont,-88.00366298607825,41.67368515350567,POINT (-88.00366298607825 41.67368515350567),Willow Springs,-87.87848331593389,41.73325705946617,POINT (-87.87848331593389 41.73325705946617)
Grayland,-87.74617167996213,41.960138058946946,POINT (-87.74617167996213 41.960138058946946),Mayfair,-87.7401227290391,41.94852089050491,POINT (-87.7401227290391 41.94852089050491)
Mayfair,-87.7401227290391,41.94852089050491,POINT (-87.7401227290391 41.94852089050491),Grayland,-87.74617167996213,41.960138058946946,POINT (-87.74617167996213 41.960138058946946)
Healy,-87.7401227290391,41.94852089050491,POINT (-87.7401227290391 41.94852089050491),Grayland,-87.72791224301655,41.9248554705849,POINT (-87.72791224301655 41.9248554705849)
Grayland,-87.72791224301655,41.9248554705849,POINT (-87.72791224301655 41.9248554705849),Healy,-87.7401227290391,41.94852089050491,POINT (-87.7401227290391 41.94852089050491)
Pacific Junction,-87.72791224301655,41.9248554705849,POINT (-87.72791224301655 41.9248554705849),Healty,-87.72139021208831,41.91224735500227,POINT (-87.72139021208831 41.91224735500227)
Healty,-87.72139021208831,41.91224735500227,POINT (-87.72139021208831 41.91224735500227),Pacific Junction,-87.72791224301655,41.9248554705849,POINT (-87.72791224301655 41.9248554705849)
Clybourn,-87.67444423743741,41.96815344052667,POINT (-87.67444423743741 41.96815344052667),Ravenswood,-87.66805367356315,41.91721478608723,POINT (-87.66805367356315 41.91721478608723)
Ravenswood,-87.66805367356315,41.91721478608723,POINT (-87.66805367356315 41.91721478608723),Clybourn,-87.67444423743741,41.96815344052667,POINT (-87.67444423743741 41.96815344052667)
Hanson Park,-87.78473387100063,41.9163977229123,POINT (-87.78473387100063 41.9163977229123),Galewood,-87.7676280503365,41.916562143443834,POINT (-87.7676280503365 41.916562143443834)
Galewood,-87.7676280503365,41.916562143443834,POINT (-87.7676280503365 41.916562143443834),Hanson Park,-87.78473387100063,41.9163977229123,POINT (-87.78473387100063 41.9163977229123)
Mars,-87.80115482592782,41.92163627541178,POINT (-87.80115482592782 41.92163627541178),Mont Clare,-87.79453332697823,41.91925273716994,POINT (-87.79453332697823 41.91925273716994)
Mont Clare,-87.79453332697823,41.91925273716994,POINT (-87.79453332697823 41.91925273716994),Mars,-87.80115482592782,41.92163627541178,POINT (-87.80115482592782 41.92163627541178)
Mont Clare,-87.81478351190806,41.924944949240334,POINT (-87.81478351190806 41.924944949240334),Elmwood Park,-87.80115482592782,41.92163627541178,POINT (-87.80115482592782 41.92163627541178)
Elmwood Park,-87.80115482592782,41.92163627541178,POINT (-87.80115482592782 41.92163627541178),Mont Clare,-87.81478351190806,41.924944949240334,POINT (-87.81478351190806 41.924944949240334)
Jefferson Park,-87.77788773049683,41.97975226900321,POINT (-87.77788773049683 41.97975226900321),Gladstone Park,-87.76334440029291,41.971506048591536,POINT (-87.76334440029291 41.971506048591536)
Gladstone Park,-87.76334440029291,41.971506048591536,POINT (-87.76334440029291 41.971506048591536),Jefferson Park,-87.77788773049683,41.97975226900321,POINT (-87.77788773049683 41.97975226900321)
Ravenswood,-87.6755262554963,42.00964911919761,POINT (-87.6755262554963 42.00964911919761),Rogers Park,-87.67444423743741,41.96815344052667,POINT (-87.67444423743741 41.96815344052667)
Rogers Park,-87.67444423743741,41.96815344052667,POINT (-87.67444423743741 41.96815344052667),Ravenswood,-87.6755262554963,42.00964911919761,POINT (-87.6755262554963 42.00964911919761)
Davis St.,-87.69810101322233,42.06398743100949,POINT (-87.69810101322233 42.06398743100949),Central St.,-87.68482158110422,42.048064383418094,POINT (-87.68482158110422 42.048064383418094)
Central St.,-87.68482158110422,42.048064383418094,POINT (-87.68482158110422 42.048064383418094),Davis St.,-87.69810101322233,42.06398743100949,POINT (-87.69810101322233 42.06398743100949)
Edison Park,-87.83174949764555,42.010208932543414,POINT (-87.83174949764555 42.010208932543414),Park Ridge,-87.81770709333972,42.00223070288584,POINT (-87.81770709333972 42.00223070288584)
Park Ridge,-87.81770709333972,42.00223070288584,POINT (-87.81770709333972 42.00223070288584),Edison Park,-87.83174949764555,42.010208932543414,POINT (-87.83174949764555 42.010208932543414)
Kensington Junction,-87.61231029172376,41.683936056285184,POINT (-87.61231029172376 41.683936056285184),120th St. Junction,-87.61393128906259,41.67679554508016,POINT (-87.61393128906259 41.67679554508016)
120th St. Junction,-87.61393128906259,41.67679554508016,POINT (-87.61393128906259 41.67679554508016),Kensington Junction,-87.61231029172376,41.683936056285184,POINT (-87.61231029172376 41.683936056285184)
Washington Heights,-87.65610720572927,41.70558300039023,POINT (-87.65610720572927 41.70558300039023),Blue Island Vermont St.,-87.677495217991,41.65470447372012,POINT (-87.677495217991 41.65470447372012)
Blue Island Vermont St.,-87.677495217991,41.65470447372012,POINT (-87.677495217991 41.65470447372012),Washington Heights,-87.65610720572927,41.70558300039023,POINT (-87.65610720572927 41.70558300039023)
Deval,-87.90806385144307,42.09291087470355,POINT (-87.90806385144307 42.09291087470355),Prospect Heights,-87.89772597143424,42.04716866435602,POINT (-87.89772597143424 42.04716866435602)
Prospect Heights,-87.89772597143424,42.04716866435602,POINT (-87.89772597143424 42.04716866435602),Deval,-87.90806385144307,42.09291087470355,POINT (-87.90806385144307 42.09291087470355)
College Ave.,-88.08881241427699,41.869038105118335,POINT (-88.08881241427699 41.869038105118335),Wheaton,-88.10872653598604,41.86445254161747,POINT (-88.10872653598604 41.86445254161747)
Wheaton,-88.10872653598604,41.86445254161747,POINT (-88.10872653598604 41.86445254161747),College Ave.,-88.08881241427699,41.869038105118335,POINT (-88.08881241427699 41.869038105118335)
Pacific Junction,-87.73191109045146,41.91354193528813,POINT (-87.73191109045146 41.91354193528813),Hermosa,-87.72139021208831,41.91224735500227,POINT (-87.72139021208831 41.91224735500227)
Hermosa,-87.72139021208831,41.91224735500227,POINT (-87.72139021208831 41.91224735500227),Pacific Junction,-87.73191109045146,41.91354193528813,POINT (-87.73191109045146 41.91354193528813)
Hermosa,-87.75343278376904,41.91529665676598,POINT (-87.75343278376904 41.91529665676598),Cragin,-87.73191109045146,41.91354193528813,POINT (-87.73191109045146 41.91354193528813)
Cragin,-87.73191109045146,41.91354193528813,POINT (-87.73191109045146 41.91354193528813),Hermosa,-87.75343278376904,41.91529665676598,POINT (-87.75343278376904 41.91529665676598)
Cragin,-87.7676280503365,41.916562143443834,POINT (-87.7676280503365 41.916562143443834),Hanson Park,-87.75343278376904,41.91529665676598,POINT (-87.75343278376904 41.91529665676598)
Hanson Park,-87.75343278376904,41.91529665676598,POINT (-87.75343278376904 41.91529665676598),Cragin,-87.7676280503365,41.916562143443834,POINT (-87.7676280503365 41.916562143443834)
Galewood,-87.79453332697823,41.91925273716994,POINT (-87.79453332697823 41.91925273716994),Mars,-87.78473387100063,41.9163977229123,POINT (-87.78473387100063 41.9163977229123)
Mars,-87.78473387100063,41.9163977229123,POINT (-87.78473387100063 41.9163977229123),Galewood,-87.79453332697823,41.91925273716994,POINT (-87.79453332697823 41.91925273716994)
Gladstone Park,-87.7990590538536,41.991749966330815,POINT (-87.7990590538536 41.991749966330815),Norwood Park,-87.77788773049683,41.97975226900321,POINT (-87.77788773049683 41.97975226900321)
Norwood Park,-87.77788773049683,41.97975226900321,POINT (-87.77788773049683 41.97975226900321),Gladstone Park,-87.7990590538536,41.991749966330815,POINT (-87.7990590538536 41.991749966330815)
Forest Glen,-87.76562051281692,41.99762799048514,POINT (-87.76562051281692 41.99762799048514),Edgebrook,-87.75616325475838,41.979537200237985,POINT (-87.75616325475838 41.979537200237985)
Edgebrook,-87.75616325475838,41.979537200237985,POINT (-87.75616325475838 41.979537200237985),Forest Glen,-87.76562051281692,41.99762799048514,POINT (-87.76562051281692 41.99762799048514)
Bensenville,-87.97487208704344,41.96236834300634,POINT (-87.97487208704344 41.96236834300634),Wood Dale,-87.94181851815047,41.95700078307565,POINT (-87.94181851815047 41.95700078307565)
Wood Dale,-87.94181851815047,41.95700078307565,POINT (-87.94181851815047 41.95700078307565),Bensenville,-87.97487208704344,41.96236834300634,POINT (-87.97487208704344 41.96236834300634)
Mannheim,-87.94181851815047,41.95700078307565,POINT (-87.94181851815047 41.95700078307565),Bensenville,-87.88334016087175,41.941506061514154,POINT (-87.88334016087175 41.941506061514154)
Bensenville,-87.88334016087175,41.941506061514154,POINT (-87.88334016087175 41.941506061514154),Mannheim,-87.94181851815047,41.95700078307565,POINT (-87.94181851815047 41.95700078307565)
Berkeley,-87.94093637723702,41.899702795780605,POINT (-87.94093637723702 41.899702795780605),Elmhurst,-87.91601795913583,41.89626569843191,POINT (-87.91601795913583 41.89626569843191)
Elmhurst,-87.91601795913583,41.89626569843191,POINT (-87.91601795913583 41.89626569843191),Berkeley,-87.94093637723702,41.899702795780605,POINT (-87.94093637723702 41.899702795780605)
Lombard,-88.01855017124426,41.8864935273347,POINT (-88.01855017124426 41.8864935273347),Glen Ellyn,-88.06460712859537,41.876459043850005,POINT (-88.06460712859537 41.876459043850005)
Glen Ellyn,-88.06460712859537,41.876459043850005,POINT (-88.06460712859537 41.876459043850005),Lombard,-88.01855017124426,41.8864935273347,POINT (-88.01855017124426 41.8864935273347)
Medinah,-88.06706737522327,41.981577969799176,POINT (-88.06706737522327 41.981577969799176),Roselle,-88.05092924073372,41.978315859272556,POINT (-88.05092924073372 41.978315859272556)
Roselle,-88.05092924073372,41.978315859272556,POINT (-88.05092924073372 41.978315859272556),Medinah,-88.06706737522327,41.981577969799176,POINT (-88.06706737522327 41.981577969799176)
Roselle,-88.11835269457585,41.98923495803079,POINT (-88.11835269457585 41.98923495803079),Schaumburg,-88.06706737522327,41.981577969799176,POINT (-88.06706737522327 41.981577969799176)
Schaumburg,-88.06706737522327,41.981577969799176,POINT (-88.06706737522327 41.981577969799176),Roselle,-88.11835269457585,41.98923495803079,POINT (-88.11835269457585 41.98923495803079)
Wilmette,-87.71673771746762,42.08622203396233,POINT (-87.71673771746762 42.08622203396233),Kenilworth,-87.70927656796914,42.07733828732394,POINT (-87.70927656796914 42.07733828732394)
Kenilworth,-87.70927656796914,42.07733828732394,POINT (-87.70927656796914 42.07733828732394),Wilmette,-87.71673771746762,42.08622203396233,POINT (-87.71673771746762 42.08622203396233)
Indian Hill,-87.73259008841185,42.10528918956016,POINT (-87.73259008841185 42.10528918956016),Winnetka,-87.72372890684672,42.09462215146727,POINT (-87.72372890684672 42.09462215146727)
Winnetka,-87.72372890684672,42.09462215146727,POINT (-87.72372890684672 42.09462215146727),Indian Hill,-87.73259008841185,42.10528918956016,POINT (-87.73259008841185 42.10528918956016)
Central St.,-87.70927656796914,42.07733828732394,POINT (-87.70927656796914 42.07733828732394),Wilmette,-87.69810101322233,42.06398743100949,POINT (-87.69810101322233 42.06398743100949)
Wilmette,-87.69810101322233,42.06398743100949,POINT (-87.69810101322233 42.06398743100949),Central St.,-87.70927656796914,42.07733828732394,POINT (-87.70927656796914 42.07733828732394)
Park Ridge,-87.8548900167713,42.02326989777644,POINT (-87.8548900167713 42.02326989777644),Dee Road,-87.83174949764555,42.010208932543414,POINT (-87.83174949764555 42.010208932543414)
Dee Road,-87.83174949764555,42.010208932543414,POINT (-87.83174949764555 42.010208932543414),Park Ridge,-87.8548900167713,42.02326989777644,POINT (-87.8548900167713 42.02326989777644)
Edgebrook,-87.78496568832324,42.03505022267747,POINT (-87.78496568832324 42.03505022267747),Morton Grove,-87.76562051281692,41.99762799048514,POINT (-87.76562051281692 41.99762799048514)
Morton Grove,-87.76562051281692,41.99762799048514,POINT (-87.76562051281692 41.99762799048514),Edgebrook,-87.78496568832324,42.03505022267747,POINT (-87.78496568832324 42.03505022267747)
Morton Grove,-87.79715371385855,42.05832639315402,POINT (-87.79715371385855 42.05832639315402),Golf,-87.78496568832324,42.03505022267747,POINT (-87.78496568832324 42.03505022267747)
Golf,-87.78496568832324,42.03505022267747,POINT (-87.78496568832324 42.03505022267747),Morton Grove,-87.79715371385855,42.05832639315402,POINT (-87.79715371385855 42.05832639315402)
Golf,-87.80557046398621,42.07461818566561,POINT (-87.80557046398621 42.07461818566561),Glenview,-87.79715371385855,42.05832639315402,POINT (-87.79715371385855 42.05832639315402)
Glenview,-87.79715371385855,42.05832639315402,POINT (-87.79715371385855 42.05832639315402),Golf,-87.80557046398621,42.07461818566561,POINT (-87.80557046398621 42.07461818566561)
Arlington Heights,-88.0095598335779,42.09566751599606,POINT (-88.0095598335779 42.09566751599606),Arlington Park,-87.98218245064523,42.08337535790495,POINT (-87.98218245064523 42.08337535790495)
Arlington Park,-87.98218245064523,42.08337535790495,POINT (-87.98218245064523 42.08337535790495),Arlington Heights,-88.0095598335779,42.09566751599606,POINT (-88.0095598335779 42.09566751599606)
Arlington Park,-88.04992884306584,42.11360925991105,POINT (-88.04992884306584 42.11360925991105),Palatine,-88.0095598335779,42.09566751599606,POINT (-88.0095598335779 42.09566751599606)
Palatine,-88.0095598335779,42.09566751599606,POINT (-88.0095598335779 42.09566751599606),Arlington Park,-88.04992884306584,42.11360925991105,POINT (-88.04992884306584 42.11360925991105)
Mayfair,-87.75616325475838,41.979537200237985,POINT (-87.75616325475838 41.979537200237985),Forest Glen,-87.74617167996213,41.960138058946946,POINT (-87.74617167996213 41.960138058946946)
Forest Glen,-87.74617167996213,41.960138058946946,POINT (-87.74617167996213 41.960138058946946),Mayfair,-87.75616325475838,41.979537200237985,POINT (-87.75616325475838 41.979537200237985)
Irving Park,-87.76334440029291,41.971506048591536,POINT (-87.76334440029291 41.971506048591536),Jefferson Park,-87.73116374571093,41.95316954974312,POINT (-87.73116374571093 41.95316954974312)
Jefferson Park,-87.73116374571093,41.95316954974312,POINT (-87.73116374571093 41.95316954974312),Irving Park,-87.76334440029291,41.971506048591536,POINT (-87.76334440029291 41.971506048591536)
Des Plaines,-87.91230501469455,42.05219027766861,POINT (-87.91230501469455 42.05219027766861),Cumberland,-87.88675703732955,42.040793055162005,POINT (-87.88675703732955 42.040793055162005)
Cumberland,-87.88675703732955,42.040793055162005,POINT (-87.88675703732955 42.040793055162005),Des Plaines,-87.91230501469455,42.05219027766861,POINT (-87.91230501469455 42.05219027766861)
Elmwood Park,-87.83632459924124,41.931003726664215,POINT (-87.83632459924124 41.931003726664215),River Grove,-87.81478351190806,41.924944949240334,POINT (-87.81478351190806 41.924944949240334)
River Grove,-87.81478351190806,41.924944949240334,POINT (-87.81478351190806 41.924944949240334),Elmwood Park,-87.83632459924124,41.931003726664215,POINT (-87.83632459924124 41.931003726664215)
Bellwood,-87.91601795913583,41.89626569843191,POINT (-87.91601795913583 41.89626569843191),Berkeley,-87.88273968547317,41.89140784112355,POINT (-87.88273968547317 41.89140784112355)
Berkeley,-87.88273968547317,41.89140784112355,POINT (-87.88273968547317 41.89140784112355),Bellwood,-87.91601795913583,41.89626569843191,POINT (-87.91601795913583 41.89626569843191)
Melrose Park,-87.88273968547317,41.89140784112355,POINT (-87.88273968547317 41.89140784112355),Bellwood,-87.8558718992784,41.8902718289124,POINT (-87.8558718992784 41.8902718289124)
Bellwood,-87.8558718992784,41.8902718289124,POINT (-87.8558718992784 41.8902718289124),Melrose Park,-87.88273968547317,41.89140784112355,POINT (-87.88273968547317 41.89140784112355)
83rd St.,-87.59833264220774,41.744317075091836,POINT (-87.59833264220774 41.744317075091836),87th St.,-87.5999517819206,41.73741478738293,POINT (-87.5999517819206 41.73741478738293)
87th St.,-87.5999517819206,41.73741478738293,POINT (-87.5999517819206 41.73741478738293),83rd St.,-87.59833264220774,41.744317075091836,POINT (-87.59833264220774 41.744317075091836)
87th St.,-87.54816784078291,41.73774799581511,POINT (-87.54816784078291 41.73774799581511),91st St.,-87.54778529050479,41.72743735353537,POINT (-87.54778529050479 41.72743735353537)
91st St.,-87.54778529050479,41.72743735353537,POINT (-87.54778529050479 41.72743735353537),87th St.,-87.54816784078291,41.73774799581511,POINT (-87.54816784078291 41.73774799581511)
83rd St.,-87.5515561190312,41.745013287209474,POINT (-87.5515561190312 41.745013287209474),87th St.,-87.54816784078291,41.73774799581511,POINT (-87.54816784078291 41.73774799581511)
87th St.,-87.54816784078291,41.73774799581511,POINT (-87.54816784078291 41.73774799581511),83rd St.,-87.5515561190312,41.745013287209474,POINT (-87.5515561190312 41.745013287209474)
91st St.,-87.66721063836003,41.72797889023571,POINT (-87.66721063836003 41.72797889023571),95th St.,-87.6675476971059,41.72153633244478,POINT (-87.6675476971059 41.72153633244478)
95th St.,-87.6675476971059,41.72153633244478,POINT (-87.6675476971059 41.72153633244478),91st St.,-87.66721063836003,41.72797889023571,POINT (-87.66721063836003 41.72797889023571)
Gresham Junction,-87.64552394414486,41.73411806779149,POINT (-87.64552394414486 41.73411806779149),Brainerd,-87.65755834696346,41.73224018886889,POINT (-87.65755834696346 41.73224018886889)
Brainerd,-87.65755834696346,41.73224018886889,POINT (-87.65755834696346 41.73224018886889),Gresham Junction,-87.64552394414486,41.73411806779149,POINT (-87.64552394414486 41.73411806779149)
Gresham,-87.64461341798653,41.736642897145266,POINT (-87.64461341798653 41.736642897145266),Gresham Junction,-87.64552394414486,41.73411806779149,POINT (-87.64552394414486 41.73411806779149)
Gresham Junction,-87.64552394414486,41.73411806779149,POINT (-87.64552394414486 41.73411806779149),Gresham,-87.64461341798653,41.736642897145266,POINT (-87.64461341798653 41.736642897145266)
South Shore,-87.56571421669398,41.76524283541225,POINT (-87.56571421669398 41.76524283541225),Windsor Park,-87.5596288729881,41.75850813394452,POINT (-87.5596288729881 41.75850813394452)
Windsor Park,-87.5596288729881,41.75850813394452,POINT (-87.5596288729881 41.75850813394452),South Shore,-87.56571421669398,41.76524283541225,POINT (-87.56571421669398 41.76524283541225)
Bryn Mawr,-87.57699668171418,41.7661151561137,POINT (-87.57699668171418 41.7661151561137),South Shore,-87.56571421669398,41.76524283541225,POINT (-87.56571421669398 41.76524283541225)
South Shore,-87.56571421669398,41.76524283541225,POINT (-87.56571421669398 41.76524283541225),Bryn Mawr,-87.57699668171418,41.7661151561137,POINT (-87.57699668171418 41.7661151561137)
53rd St.,-87.58678687387443,41.79991719269177,POINT (-87.58678687387443 41.79991719269177),55th-56th-57th St.,-87.58749792286987,41.792842201433494,POINT (-87.58749792286987 41.792842201433494)
55th-56th-57th St.,-87.58749792286987,41.792842201433494,POINT (-87.58749792286987 41.792842201433494),53rd St.,-87.58678687387443,41.79991719269177,POINT (-87.58678687387443 41.79991719269177)
47th St.,-87.59085038059075,41.80952459183385,POINT (-87.59085038059075 41.80952459183385),53rd St.,-87.58678687387443,41.79991719269177,POINT (-87.58678687387443 41.79991719269177)
53rd St.,-87.58678687387443,41.79991719269177,POINT (-87.58678687387443 41.79991719269177),47th St.,-87.59085038059075,41.80952459183385,POINT (-87.59085038059075 41.80952459183385)
27th St.,-87.61343646820798,41.844262946947815,POINT (-87.61343646820798 41.844262946947815),47th St.,-87.59085038059075,41.80952459183385,POINT (-87.59085038059075 41.80952459183385)
47th St.,-87.59085038059075,41.80952459183385,POINT (-87.59085038059075 41.80952459183385),27th St.,-87.61343646820798,41.844262946947815,POINT (-87.61343646820798 41.844262946947815)
79th St.,-87.59698665938375,41.75082678091517,POINT (-87.59698665938375 41.75082678091517),83rd St.,-87.59833264220774,41.744317075091836,POINT (-87.59833264220774 41.744317075091836)
83rd St.,-87.59833264220774,41.744317075091836,POINT (-87.59833264220774 41.744317075091836),79th St.,-87.59698665938375,41.75082678091517,POINT (-87.59698665938375 41.75082678091517)
67th St. Junction,-87.59270745716287,41.76954348350694,POINT (-87.59270745716287 41.76954348350694),75th Street,-87.59515929630642,41.758911809369515,POINT (-87.59515929630642 41.758911809369515)
75th Street,-87.59515929630642,41.758911809369515,POINT (-87.59515929630642 41.758911809369515),67th St. Junction,-87.59270745716287,41.76954348350694,POINT (-87.59270745716287 41.76954348350694)
55th-56th-57th St.,-87.58749792286987,41.792842201433494,POINT (-87.58749792286987 41.792842201433494),59th St.,-87.58876563381271,41.78700263306988,POINT (-87.58876563381271 41.78700263306988)
59th St.,-87.58876563381271,41.78700263306988,POINT (-87.58876563381271 41.78700263306988),55th-56th-57th St.,-87.58749792286987,41.792842201433494,POINT (-87.58749792286987 41.792842201433494)
Wrightwood,-87.70146075189734,41.75007970186458,POINT (-87.70146075189734 41.75007970186458),Ashburn,-87.7125186030963,41.741814920758536,POINT (-87.7125186030963 41.741814920758536)
Ashburn,-87.7125186030963,41.741814920758536,POINT (-87.7125186030963 41.741814920758536),Wrightwood,-87.70146075189734,41.75007970186458,POINT (-87.70146075189734 41.75007970186458)
Elmhurst,-87.97782790290107,41.89630425053225,POINT (-87.97782790290107 41.89630425053225),Villa Park,-87.94093637723702,41.899702795780605,POINT (-87.94093637723702 41.899702795780605)
Villa Park,-87.94093637723702,41.899702795780605,POINT (-87.94093637723702 41.899702795780605),Elmhurst,-87.97782790290107,41.89630425053225,POINT (-87.97782790290107 41.89630425053225)
Villa Park,-88.01855017124426,41.8864935273347,POINT (-88.01855017124426 41.8864935273347),Lombard,-87.97782790290107,41.89630425053225,POINT (-87.97782790290107 41.89630425053225)
Lombard,-87.97782790290107,41.89630425053225,POINT (-87.97782790290107 41.89630425053225),Villa Park,-88.01855017124426,41.8864935273347,POINT (-88.01855017124426 41.8864935273347)
Glen Ellyn,-88.06460712859537,41.876459043850005,POINT (-88.06460712859537 41.876459043850005),College Ave.,-88.08881241427699,41.869038105118335,POINT (-88.08881241427699 41.869038105118335)
College Ave.,-88.08881241427699,41.869038105118335,POINT (-88.08881241427699 41.869038105118335),Glen Ellyn,-88.06460712859537,41.876459043850005,POINT (-88.06460712859537 41.876459043850005)
Wood Dale,-88.01391600718297,41.971631820527676,POINT (-88.01391600718297 41.971631820527676),Itasca,-87.97487208704344,41.96236834300634,POINT (-87.97487208704344 41.96236834300634)
Itasca,-87.97487208704344,41.96236834300634,POINT (-87.97487208704344 41.96236834300634),Wood Dale,-88.01391600718297,41.971631820527676,POINT (-88.01391600718297 41.971631820527676)
Rogers Park,-87.68004781730495,42.033323070243455,POINT (-87.68004781730495 42.033323070243455),Main St.,-87.6755262554963,42.00964911919761,POINT (-87.6755262554963 42.00964911919761)
Main St.,-87.6755262554963,42.00964911919761,POINT (-87.6755262554963 42.00964911919761),Rogers Park,-87.68004781730495,42.033323070243455,POINT (-87.68004781730495 42.033323070243455)
Kenilworth,-87.72372890684672,42.09462215146727,POINT (-87.72372890684672 42.09462215146727),Indian Hill,-87.71673771746762,42.08622203396233,POINT (-87.71673771746762 42.08622203396233)
Indian Hill,-87.71673771746762,42.08622203396233,POINT (-87.71673771746762 42.08622203396233),Kenilworth,-87.72372890684672,42.09462215146727,POINT (-87.72372890684672 42.09462215146727)
Winnetka,-87.74344129940644,42.11818408064156,POINT (-87.74344129940644 42.11818408064156),Hubbard Woods,-87.73259008841185,42.10528918956016,POINT (-87.73259008841185 42.10528918956016)
Hubbard Woods,-87.73259008841185,42.10528918956016,POINT (-87.73259008841185 42.10528918956016),Winnetka,-87.74344129940644,42.11818408064156,POINT (-87.74344129940644 42.11818408064156)
Norwood Park,-87.81770709333972,42.00223070288584,POINT (-87.81770709333972 42.00223070288584),Edison Park,-87.7990590538536,41.991749966330815,POINT (-87.7990590538536 41.991749966330815)
Edison Park,-87.7990590538536,41.991749966330815,POINT (-87.7990590538536 41.991749966330815),Norwood Park,-87.81770709333972,42.00223070288584,POINT (-87.81770709333972 42.00223070288584)
Dee Road,-87.88675703732955,42.040793055162005,POINT (-87.88675703732955 42.040793055162005),Des Plaines,-87.8548900167713,42.02326989777644,POINT (-87.8548900167713 42.02326989777644)
Des Plaines,-87.8548900167713,42.02326989777644,POINT (-87.8548900167713 42.02326989777644),Dee Road,-87.88675703732955,42.040793055162005,POINT (-87.88675703732955 42.040793055162005)
Cumberland,-87.93618000275688,42.062935586458806,POINT (-87.93618000275688 42.062935586458806),Mount Prospect,-87.91230501469455,42.05219027766861,POINT (-87.91230501469455 42.05219027766861)
Mount Prospect,-87.91230501469455,42.05219027766861,POINT (-87.91230501469455 42.05219027766861),Cumberland,-87.93618000275688,42.062935586458806,POINT (-87.93618000275688 42.062935586458806)
O'Hare,-87.89772597143424,42.04716866435602,POINT (-87.89772597143424 42.04716866435602),Deval,-87.880317001389,41.99521197561157,POINT (-87.880317001389 41.99521197561157)
Deval,-87.880317001389,41.99521197561157,POINT (-87.880317001389 41.99521197561157),O'Hare,-87.89772597143424,42.04716866435602,POINT (-87.89772597143424 42.04716866435602)
Clinton St. Junction,-87.68636321834478,41.888454715387496,POINT (-87.68636321834478 41.888454715387496),Western Ave. Interlocking,-87.64213980684744,41.88962927170604,POINT (-87.64213980684744 41.88962927170604)
Western Ave. Interlocking,-87.64213980684744,41.88962927170604,POINT (-87.64213980684744 41.88962927170604),Clinton St. Junction,-87.68636321834478,41.888454715387496,POINT (-87.68636321834478 41.888454715387496)
87th St.,-87.5999517819206,41.73741478738293,POINT (-87.5999517819206 41.73741478738293),91st St.,-87.6017542363954,41.729752116298364,POINT (-87.6017542363954 41.729752116298364)
91st St.,-87.6017542363954,41.729752116298364,POINT (-87.6017542363954 41.729752116298364),87th St.,-87.5999517819206,41.73741478738293,POINT (-87.5999517819206 41.73741478738293)
Brainerd,-87.65755834696346,41.73224018886889,POINT (-87.65755834696346 41.73224018886889),91st St.,-87.66721063836003,41.72797889023571,POINT (-87.66721063836003 41.72797889023571)
91st St.,-87.66721063836003,41.72797889023571,POINT (-87.66721063836003 41.72797889023571),Brainerd,-87.65755834696346,41.73224018886889,POINT (-87.65755834696346 41.73224018886889)
Gresham Junction,-87.64552394414486,41.73411806779149,POINT (-87.64552394414486 41.73411806779149),Longwood,-87.65055511406014,41.72070943105646,POINT (-87.65055511406014 41.72070943105646)
Longwood,-87.65055511406014,41.72070943105646,POINT (-87.65055511406014 41.72070943105646),Gresham Junction,-87.64552394414486,41.73411806779149,POINT (-87.64552394414486 41.73411806779149)
Asburn,-87.7125186030963,41.741814920758536,POINT (-87.7125186030963 41.741814920758536),Oak Lawn,-87.749149888162,41.71939709030534,POINT (-87.749149888162 41.71939709030534)
Oak Lawn,-87.749149888162,41.71939709030534,POINT (-87.749149888162 41.71939709030534),Asburn,-87.7125186030963,41.741814920758536,POINT (-87.7125186030963 41.741814920758536)
Cheltenham,-87.55285171899949,41.752320532424854,POINT (-87.55285171899949 41.752320532424854),83rd St.,-87.5515561190312,41.745013287209474,POINT (-87.5515561190312 41.745013287209474)
83rd St.,-87.5515561190312,41.745013287209474,POINT (-87.5515561190312 41.745013287209474),Cheltenham,-87.55285171899949,41.752320532424854,POINT (-87.55285171899949 41.752320532424854)
Windsor Park,-87.5596288729881,41.75850813394452,POINT (-87.5596288729881 41.75850813394452),Cheltenham,-87.55285171899949,41.752320532424854,POINT (-87.55285171899949 41.752320532424854)
Cheltenham,-87.55285171899949,41.752320532424854,POINT (-87.55285171899949 41.752320532424854),Windsor Park,-87.5596288729881,41.75850813394452,POINT (-87.5596288729881 41.75850813394452)
67th St. Junction,-87.59270745716287,41.76954348350694,POINT (-87.59270745716287 41.76954348350694),Bryn Mawr,-87.58685037384112,41.76601049942495,POINT (-87.58685037384112 41.76601049942495)
Bryn Mawr,-87.58685037384112,41.76601049942495,POINT (-87.58685037384112 41.76601049942495),67th St. Junction,-87.59270745716287,41.76954348350694,POINT (-87.59270745716287 41.76954348350694)
Stony Island,-87.58685037384112,41.76601049942495,POINT (-87.58685037384112 41.76601049942495),Bryn Mawr,-87.57699668171418,41.7661151561137,POINT (-87.57699668171418 41.7661151561137)
Bryn Mawr,-87.57699668171418,41.7661151561137,POINT (-87.57699668171418 41.7661151561137),Stony Island,-87.58685037384112,41.76601049942495,POINT (-87.58685037384112 41.76601049942495)
63rd St.,-87.59040403959385,41.77988303689912,POINT (-87.59040403959385 41.77988303689912),67th St. Junction,-87.59270745716287,41.76954348350694,POINT (-87.59270745716287 41.76954348350694)
67th St. Junction,-87.59270745716287,41.76954348350694,POINT (-87.59270745716287 41.76954348350694),63rd St.,-87.59040403959385,41.77988303689912,POINT (-87.59040403959385 41.77988303689912)
McCormick Place,-87.61614217651787,41.850942354763596,POINT (-87.61614217651787 41.850942354763596),27th St.,-87.61343646820798,41.844262946947815,POINT (-87.61343646820798 41.844262946947815)
27th St.,-87.61343646820798,41.844262946947815,POINT (-87.61343646820798 41.844262946947815),McCormick Place,-87.61614217651787,41.850942354763596,POINT (-87.61614217651787 41.850942354763596)
75th St.,-87.59515929630642,41.758911809369515,POINT (-87.59515929630642 41.758911809369515),79th St.,-87.59698665938375,41.75082678091517,POINT (-87.59698665938375 41.75082678091517)
79th St.,-87.59698665938375,41.75082678091517,POINT (-87.59698665938375 41.75082678091517),75th St.,-87.59515929630642,41.758911809369515,POINT (-87.59515929630642 41.758911809369515)
Wrightwood,-87.63699134920557,41.85455805556333,POINT (-87.63699134920557 41.85455805556333),21st St. Interlocking,-87.70146075189734,41.75007970186458,POINT (-87.70146075189734 41.75007970186458)
21st St. Interlocking,-87.70146075189734,41.75007970186458,POINT (-87.70146075189734 41.75007970186458),Wrightwood,-87.63699134920557,41.85455805556333,POINT (-87.63699134920557 41.85455805556333)
Western Ave.,-87.72139021208831,41.91224735500227,POINT (-87.72139021208831 41.91224735500227),Pacific Junction,-87.68831452300854,41.88910510059156,POINT (-87.68831452300854 41.88910510059156)
Pacific Junction,-87.68831452300854,41.88910510059156,POINT (-87.68831452300854 41.88910510059156),Western Ave.,-87.72139021208831,41.91224735500227,POINT (-87.72139021208831 41.91224735500227)
Western Ave. Interlocking,-87.68831452300854,41.88910510059156,POINT (-87.68831452300854 41.88910510059156),Western Ave.,-87.68604235544879,41.88843921348716,POINT (-87.68604235544879 41.88843921348716)
Western Ave.,-87.68604235544879,41.88843921348716,POINT (-87.68604235544879 41.88843921348716),Western Ave. Interlocking,-87.68831452300854,41.88910510059156,POINT (-87.68831452300854 41.88910510059156)
Kedzie,-87.80145473342102,41.88696749752278,POINT (-87.80145473342102 41.88696749752278),Oak Park,-87.70657946532519,41.888256566186946,POINT (-87.70657946532519 41.888256566186946)
Oak Park,-87.70657946532519,41.888256566186946,POINT (-87.70657946532519 41.888256566186946),Kedzie,-87.80145473342102,41.88696749752278,POINT (-87.80145473342102 41.88696749752278)
Oak Park,-87.82490609763825,41.886806702502206,POINT (-87.82490609763825 41.886806702502206),River Forest,-87.80145473342102,41.88696749752278,POINT (-87.80145473342102 41.88696749752278)
River Forest,-87.80145473342102,41.88696749752278,POINT (-87.80145473342102 41.88696749752278),Oak Park,-87.82490609763825,41.886806702502206,POINT (-87.82490609763825 41.886806702502206)
River Forest,-87.83877808532193,41.888333286161924,POINT (-87.83877808532193 41.888333286161924),Maywood,-87.82490609763825,41.886806702502206,POINT (-87.82490609763825 41.886806702502206)
Maywood,-87.82490609763825,41.886806702502206,POINT (-87.82490609763825 41.886806702502206),River Forest,-87.83877808532193,41.888333286161924,POINT (-87.83877808532193 41.888333286161924)
Franklin Park,-87.88334016087175,41.941506061514154,POINT (-87.88334016087175 41.941506061514154),Mannheim,-87.86658580612901,41.93653197463551,POINT (-87.86658580612901 41.93653197463551)
Mannheim,-87.86658580612901,41.93653197463551,POINT (-87.86658580612901 41.93653197463551),Franklin Park,-87.88334016087175,41.941506061514154,POINT (-87.88334016087175 41.941506061514154)
Itasca,-88.05092924073372,41.978315859272556,POINT (-88.05092924073372 41.978315859272556),Medinah,-88.01391600718297,41.971631820527676,POINT (-88.01391600718297 41.971631820527676)
Medinah,-88.01391600718297,41.971631820527676,POINT (-88.01391600718297 41.971631820527676),Itasca,-88.05092924073372,41.978315859272556,POINT (-88.05092924073372 41.978315859272556)
Main St.,-87.68482158110422,42.048064383418094,POINT (-87.68482158110422 42.048064383418094),Davis St.,-87.68004781730495,42.033323070243455,POINT (-87.68004781730495 42.033323070243455)
Davis St.,-87.68004781730495,42.033323070243455,POINT (-87.68004781730495 42.033323070243455),Main St.,-87.68482158110422,42.048064383418094,POINT (-87.68482158110422 42.048064383418094)
Mount Prospect,-87.98218245064523,42.08337535790495,POINT (-87.98218245064523 42.08337535790495),Arlington Heights,-87.93618000275688,42.062935586458806,POINT (-87.93618000275688 42.062935586458806)
Arlington Heights,-87.93618000275688,42.062935586458806,POINT (-87.93618000275688 42.062935586458806),Mount Prospect,-87.98218245064523,42.08337535790495,POINT (-87.98218245064523 42.08337535790495)
16th St. Junction,-87.63712198537733,41.86173293064682,POINT (-87.63712198537733 41.86173293064682),21st St. Interlocking,-87.63699134920557,41.85455805556333,POINT (-87.63699134920557 41.85455805556333)
21st St. Interlocking,-87.63699134920557,41.85455805556333,POINT (-87.63699134920557 41.85455805556333),16th St. Junction,-87.63712198537733,41.86173293064682,POINT (-87.63712198537733 41.86173293064682)
Prospect Heights,-87.92715853426556,42.13644688506416,POINT (-87.92715853426556 42.13644688506416),Wheeling,-87.90806385144307,42.09291087470355,POINT (-87.90806385144307 42.09291087470355)
Wheeling,-87.90806385144307,42.09291087470355,POINT (-87.90806385144307 42.09291087470355),Prospect Heights,-87.92715853426556,42.13644688506416,POINT (-87.92715853426556 42.13644688506416)
Union Station,-87.63883140393587,41.87794941174223,POINT (-87.63883140393587 41.87794941174223),16th St. Junction,-87.63712198537733,41.86173293064682,POINT (-87.63712198537733 41.86173293064682)
16th St. Junction,-87.63712198537733,41.86173293064682,POINT (-87.63712198537733 41.86173293064682),Union Station,-87.63883140393587,41.87794941174223,POINT (-87.63883140393587 41.87794941174223)
59th St.,-87.58876563381271,41.78700263306988,POINT (-87.58876563381271 41.78700263306988),63rd St.,-87.59040403959385,41.77988303689912,POINT (-87.59040403959385 41.77988303689912)
63rd St.,-87.59040403959385,41.77988303689912,POINT (-87.59040403959385 41.77988303689912),59th St.,-87.58876563381271,41.78700263306988,POINT (-87.58876563381271 41.78700263306988)
Summit,-87.8099207299851,41.79496879016019,POINT (-87.8099207299851 41.79496879016019),Willow Springs,-87.87848331593389,41.73325705946617,POINT (-87.87848331593389 41.73325705946617)
Willow Springs,-87.87848331593389,41.73325705946617,POINT (-87.87848331593389 41.73325705946617),Summit,-87.8099207299851,41.79496879016019,POINT (-87.8099207299851 41.79496879016019)
Western Ave. Interlocking,-87.70657946532519,41.888256566186946,POINT (-87.70657946532519 41.888256566186946),Kedzie,-87.68604235544879,41.88843921348716,POINT (-87.68604235544879 41.88843921348716)
Kedzie,-87.68604235544879,41.88843921348716,POINT (-87.68604235544879 41.88843921348716),Western Ave. Interlocking,-87.70657946532519,41.888256566186946,POINT (-87.70657946532519 41.888256566186946)
Maywood,-87.8558718992784,41.8902718289124,POINT (-87.8558718992784 41.8902718289124),Melrose Park,-87.83877808532193,41.888333286161924,POINT (-87.83877808532193 41.888333286161924)
Melrose Park,-87.83877808532193,41.888333286161924,POINT (-87.83877808532193 41.888333286161924),Maywood,-87.8558718992784,41.8902718289124,POINT (-87.8558718992784 41.8902718289124)
21st St. Interlocking,-87.63699134920557,41.85455805556333,POINT (-87.63699134920557 41.85455805556333),Summit,-87.8099207299851,41.79496879016019,POINT (-87.8099207299851 41.79496879016019)
Summit,-87.8099207299851,41.79496879016019,POINT (-87.8099207299851 41.79496879016019),21st St. Interlocking,-87.63699134920557,41.85455805556333,POINT (-87.63699134920557 41.85455805556333)
91st St.,-87.6017542363954,41.729752116298364,POINT (-87.6017542363954 41.729752116298364),95th St.,-87.6036753195489,41.72141741788474,POINT (-87.6036753195489 41.72141741788474)
95th St.,-87.6036753195489,41.72141741788474,POINT (-87.6036753195489 41.72141741788474),91st St.,-87.6017542363954,41.729752116298364,POINT (-87.6017542363954 41.729752116298364)
Westmont,-87.99396985329561,41.7955863711582,POINT (-87.99396985329561 41.7955863711582),Fairview Ave.,-87.97678427290748,41.79561272317177,POINT (-87.97678427290748 41.79561272317177)
Fairview Ave.,-87.97678427290748,41.79561272317177,POINT (-87.97678427290748 41.79561272317177),Westmont,-87.99396985329561,41.7955863711582,POINT (-87.99396985329561 41.7955863711582)
Fairview Avenue,-88.00983309278828,41.795541821852616,POINT (-88.00983309278828 41.795541821852616),Main St.,-87.99396985329561,41.7955863711582,POINT (-87.99396985329561 41.7955863711582)
Main St.,-87.99396985329561,41.7955863711582,POINT (-87.99396985329561 41.7955863711582),Fairview Avenue,-88.00983309278828,41.795541821852616,POINT (-88.00983309278828 41.795541821852616)
Main St.,-88.03808204241793,41.79548756985079,POINT (-88.03808204241793 41.79548756985079),Belmont,-88.00983309278828,41.795541821852616,POINT (-88.00983309278828 41.795541821852616)
Belmont,-88.00983309278828,41.795541821852616,POINT (-88.00983309278828 41.795541821852616),Main St.,-88.03808204241793,41.79548756985079,POINT (-88.03808204241793 41.79548756985079)
Belmont,-88.07256398407903,41.79780822603609,POINT (-88.07256398407903 41.79780822603609),Lisle,-88.03808204241793,41.79548756985079,POINT (-88.03808204241793 41.79548756985079)
Lisle,-88.03808204241793,41.79548756985079,POINT (-88.03808204241793 41.79548756985079),Belmont,-88.07256398407903,41.79780822603609,POINT (-88.07256398407903 41.79780822603609)
Riverside,-87.83372892565338,41.824241006593375,POINT (-87.83372892565338 41.824241006593375),Hollywood,-87.82023492962063,41.827205855917185,POINT (-87.82023492962063 41.827205855917185)
Hollywood,-87.82023492962063,41.827205855917185,POINT (-87.82023492962063 41.827205855917185),Riverside,-87.83372892565338,41.824241006593375,POINT (-87.83372892565338 41.824241006593375)
Hollywood,-87.84310738316972,41.82215459634485,POINT (-87.84310738316972 41.82215459634485),Brookfield,-87.83372892565338,41.824241006593375,POINT (-87.83372892565338 41.824241006593375)
Brookfield,-87.83372892565338,41.824241006593375,POINT (-87.83372892565338 41.824241006593375),Hollywood,-87.84310738316972,41.82215459634485,POINT (-87.84310738316972 41.82215459634485)
Brookfield,-87.8575768904296,41.818910880579274,POINT (-87.8575768904296 41.818910880579274),Congress Park,-87.84310738316972,41.82215459634485,POINT (-87.84310738316972 41.82215459634485)
Congress Park,-87.84310738316972,41.82215459634485,POINT (-87.84310738316972 41.82215459634485),Brookfield,-87.8575768904296,41.818910880579274,POINT (-87.8575768904296 41.818910880579274)
Congress Park,-87.87111221925163,41.815879644522376,POINT (-87.87111221925163 41.815879644522376),LaGrange Rd.,-87.8575768904296,41.818910880579274,POINT (-87.8575768904296 41.818910880579274)
LaGrange Rd.,-87.8575768904296,41.818910880579274,POINT (-87.8575768904296 41.818910880579274),Congress Park,-87.87111221925163,41.815879644522376,POINT (-87.87111221925163 41.815879644522376)
LaGrange Rd.,-87.87857274323736,41.814210818200536,POINT (-87.87857274323736 41.814210818200536),Stone Ave.,-87.87111221925163,41.815879644522376,POINT (-87.87111221925163 41.815879644522376)
Stone Ave.,-87.87111221925163,41.815879644522376,POINT (-87.87111221925163 41.815879644522376),LaGrange Rd.,-87.87857274323736,41.814210818200536,POINT (-87.87857274323736 41.814210818200536)
Stone Ave.,-87.90140965650656,41.809078878148476,POINT (-87.90140965650656 41.809078878148476),Western Springs,-87.87857274323736,41.814210818200536,POINT (-87.87857274323736 41.814210818200536)
Western Springs,-87.87857274323736,41.814210818200536,POINT (-87.87857274323736 41.814210818200536),Stone Ave.,-87.90140965650656,41.809078878148476,POINT (-87.90140965650656 41.809078878148476)
Western Springs,-87.91857321554711,41.80519597498535,POINT (-87.91857321554711 41.80519597498535),Highlands,-87.90140965650656,41.809078878148476,POINT (-87.90140965650656 41.809078878148476)
Highlands,-87.90140965650656,41.809078878148476,POINT (-87.90140965650656 41.809078878148476),Western Springs,-87.91857321554711,41.80519597498535,POINT (-87.91857321554711 41.80519597498535)
Highlands,-87.92823681705151,41.80298691600644,POINT (-87.92823681705151 41.80298691600644),Hinsdale,-87.91857321554711,41.80519597498535,POINT (-87.91857321554711 41.80519597498535)
Hinsdale,-87.91857321554711,41.80519597498535,POINT (-87.91857321554711 41.80519597498535),Highlands,-87.92823681705151,41.80298691600644,POINT (-87.92823681705151 41.80298691600644)
Hinsdale,-87.94567323598,41.79903478091021,POINT (-87.94567323598 41.79903478091021),West Hinsdale,-87.92823681705151,41.80298691600644,POINT (-87.92823681705151 41.80298691600644)
West Hinsdale,-87.92823681705151,41.80298691600644,POINT (-87.92823681705151 41.80298691600644),Hinsdale,-87.94567323598,41.79903478091021,POINT (-87.94567323598 41.79903478091021)
West Hinsdale,-87.95440503717191,41.79706494033448,POINT (-87.95440503717191 41.79706494033448),Clarendon Hills,-87.94567323598,41.79903478091021,POINT (-87.94567323598 41.79903478091021)
Clarendon Hills,-87.94567323598,41.79903478091021,POINT (-87.94567323598 41.79903478091021),West Hinsdale,-87.95440503717191,41.79706494033448,POINT (-87.95440503717191 41.79706494033448)
16th St. Junction,-87.64724774223741,41.86025549366606,POINT (-87.64724774223741 41.86025549366606),Halsted,-87.63712198537733,41.86173293064682,POINT (-87.63712198537733 41.86173293064682)
Halsted,-87.63712198537733,41.86173293064682,POINT (-87.63712198537733 41.86173293064682),16th St. Junction,-87.64724774223741,41.86025549366606,POINT (-87.64724774223741 41.86025549366606)
Clarendon Hills,-87.97678427290748,41.79561272317177,POINT (-87.97678427290748 41.79561272317177),Westmont,-87.95440503717191,41.79706494033448,POINT (-87.95440503717191 41.79706494033448)
Westmont,-87.95440503717191,41.79706494033448,POINT (-87.95440503717191 41.79706494033448),Clarendon Hills,-87.97678427290748,41.79561272317177,POINT (-87.97678427290748 41.79561272317177)
Halsted St.,-87.68496945517118,41.857568913424196,POINT (-87.68496945517118 41.857568913424196),Western Ave.,-87.64724774223741,41.86025549366606,POINT (-87.64724774223741 41.86025549366606)
Western Ave.,-87.64724774223741,41.86025549366606,POINT (-87.64724774223741 41.86025549366606),Halsted St.,-87.68496945517118,41.857568913424196,POINT (-87.68496945517118 41.857568913424196)
Western Ave.,-87.74517268300964,41.84416169183594,POINT (-87.74517268300964 41.84416169183594),Cicero,-87.68496945517118,41.857568913424196,POINT (-87.68496945517118 41.857568913424196)
Cicero,-87.68496945517118,41.857568913424196,POINT (-87.68496945517118 41.857568913424196),Western Ave.,-87.74517268300964,41.84416169183594,POINT (-87.74517268300964 41.84416169183594)
Clyde,-87.78346310756369,41.83549900049225,POINT (-87.78346310756369 41.83549900049225),LaVergne,-87.77239112273519,41.83838644344669,POINT (-87.77239112273519 41.83838644344669)
LaVergne,-87.77239112273519,41.83838644344669,POINT (-87.77239112273519 41.83838644344669),Clyde,-87.78346310756369,41.83549900049225,POINT (-87.78346310756369 41.83549900049225)
LaVergne,-87.79328621189497,41.83328838597069,POINT (-87.79328621189497 41.83328838597069),Berwyn,-87.78346310756369,41.83549900049225,POINT (-87.78346310756369 41.83549900049225)
Berwyn,-87.78346310756369,41.83549900049225,POINT (-87.78346310756369 41.83549900049225),LaVergne,-87.79328621189497,41.83328838597069,POINT (-87.79328621189497 41.83328838597069)
Berwyn,-87.80189971389449,41.83133997677839,POINT (-87.80189971389449 41.83133997677839),Harlem Ave.,-87.79328621189497,41.83328838597069,POINT (-87.79328621189497 41.83328838597069)
Harlem Ave.,-87.79328621189497,41.83328838597069,POINT (-87.79328621189497 41.83328838597069),Berwyn,-87.80189971389449,41.83133997677839,POINT (-87.80189971389449 41.83133997677839)
Harlem Ave.,-87.82023492962063,41.827205855917185,POINT (-87.82023492962063 41.827205855917185),Riverside,-87.80189971389449,41.83133997677839,POINT (-87.80189971389449 41.83133997677839)
Riverside,-87.80189971389449,41.83133997677839,POINT (-87.80189971389449 41.83133997677839),Harlem Ave.,-87.82023492962063,41.827205855917185,POINT (-87.82023492962063 41.827205855917185)
Cicero,-87.77239112273519,41.83838644344669,POINT (-87.77239112273519 41.83838644344669),Clyde,-87.74517268300964,41.84416169183594,POINT (-87.74517268300964 41.84416169183594)
Clyde,-87.74517268300964,41.84416169183594,POINT (-87.74517268300964 41.84416169183594),Cicero,-87.77239112273519,41.83838644344669,POINT (-87.77239112273519 41.83838644344669)
Lisle,-88.14519373637415,41.779809240450014,POINT (-88.14519373637415 41.779809240450014),Naperville,-88.07256398407903,41.79780822603609,POINT (-88.07256398407903 41.79780822603609)
Naperville,-88.07256398407903,41.79780822603609,POINT (-88.07256398407903 41.79780822603609),Lisle,-88.14519373637415,41.779809240450014,POINT (-88.14519373637415 41.779809240450014)
Naperville,-88.20852180407533,41.77813010243812,POINT (-88.20852180407533 41.77813010243812),Route 59,-88.14519373637415,41.779809240450014,POINT (-88.14519373637415 41.779809240450014)
Route 59,-88.14519373637415,41.779809240450014,POINT (-88.14519373637415 41.779809240450014),Naperville,-88.20852180407533,41.77813010243812,POINT (-88.20852180407533 41.77813010243812)
Route 59,-88.20852180407533,41.77813010243812,POINT (-88.20852180407533 41.77813010243812),Aurora,-88.30767674308736,41.76121000523327,POINT (-88.30767674308736 41.76121000523327)
Aurora,-88.30767674308736,41.76121000523327,POINT (-88.30767674308736 41.76121000523327),Route 59,-88.20852180407533,41.77813010243812,POINT (-88.20852180407533 41.77813010243812)
Randolph St.,-87.62308734428457,41.88436561776389,POINT (-87.62308734428457 41.88436561776389),Van Buren St.,-87.62281175845538,41.876998366934565,POINT (-87.62281175845538 41.876998366934565)
Van Buren St.,-87.62281175845538,41.876998366934565,POINT (-87.62281175845538 41.876998366934565),Randolph St.,-87.62308734428457,41.88436561776389,POINT (-87.62308734428457 41.88436561776389)
Van Buren St.,-87.62281175845538,41.876998366934565,POINT (-87.62281175845538 41.876998366934565),Roosevelt Rd.,-87.6214196645755,41.86839238000575,POINT (-87.6214196645755 41.86839238000575)
Roosevelt Rd.,-87.6214196645755,41.86839238000575,POINT (-87.6214196645755 41.86839238000575),Van Buren St.,-87.62281175845538,41.876998366934565,POINT (-87.62281175845538 41.876998366934565)
Roosevelt Rd.,-87.6214196645755,41.86839238000575,POINT (-87.6214196645755 41.86839238000575),11th Pl. Divide,-87.61957289715936,41.86374590823269,POINT (-87.61957289715936 41.86374590823269)
11th Pl. Divide,-87.61957289715936,41.86374590823269,POINT (-87.61957289715936 41.86374590823269),Roosevelt Rd.,-87.6214196645755,41.86839238000575,POINT (-87.6214196645755 41.86839238000575)
11th Pl. Divide,-87.61957289715936,41.86374590823269,POINT (-87.61957289715936 41.86374590823269),18th St.,-87.61803421182888,41.85773103512421,POINT (-87.61803421182888 41.85773103512421)
18th St.,-87.61803421182888,41.85773103512421,POINT (-87.61803421182888 41.85773103512421),11th Pl. Divide,-87.61957289715936,41.86374590823269,POINT (-87.61957289715936 41.86374590823269)
