holc_id,holc_grade,community,NID,POP2010,POP2000,POPCH,POPPERCH,popplus,popneg
A28,A,FOREST GLEN,12,18508,18165,343,1.888247,1,0
A29,A,FOREST GLEN,12,18508,18165,343,1.888247,1,0
B54,B,FOREST GLEN,12,18508,18165,343,1.888247,1,0
B56,B,FOREST GLEN,12,18508,18165,343,1.888247,1,0
B57,B,FOREST GLEN,12,18508,18165,343,1.888247,1,0
B58,B,FOREST GLEN,12,18508,18165,343,1.888247,1,0
B59,B,FOREST GLEN,12,18508,18165,343,1.888247,1,0
B61,B,FOREST GLEN,12,18508,18165,343,1.888247,1,0
C45,C,FOREST GLEN,12,18508,18165,343,1.888247,1,0
C46,C,FOREST GLEN,12,18508,18165,343,1.888247,1,0
C47,C,FOREST GLEN,12,18508,18165,343,1.888247,1,0
C50,C,FOREST GLEN,12,18508,18165,343,1.888247,1,0
A29,A,NORTH PARK,13,17931,18514,-583,-3.148968,0,1
B58,B,NORTH PARK,13,17931,18514,-583,-3.148968,0,1
B59,B,NORTH PARK,13,17931,18514,-583,-3.148968,0,1
B61,B,NORTH PARK,13,17931,18514,-583,-3.148968,0,1
B62,B,NORTH PARK,13,17931,18514,-583,-3.148968,0,1
B64,B,NORTH PARK,13,17931,18514,-583,-3.148968,0,1
C47,C,NORTH PARK,13,17931,18514,-583,-3.148968,0,1
C55,C,NORTH PARK,13,17931,18514,-583,-3.148968,0,1
C57,C,NORTH PARK,13,17931,18514,-583,-3.148968,0,1
A30,A,LAKE VIEW,6,94368,94817,-449,-0.473544,0,1
B84,B,LAKE VIEW,6,94368,94817,-449,-0.473544,0,1
C120,C,LAKE VIEW,6,94368,94817,-449,-0.473544,0,1
C121,C,LAKE VIEW,6,94368,94817,-449,-0.473544,0,1
C122,C,LAKE VIEW,6,94368,94817,-449,-0.473544,0,1
C123,C,LAKE VIEW,6,94368,94817,-449,-0.473544,0,1
C80,C,LAKE VIEW,6,94368,94817,-449,-0.473544,0,1
C82,C,LAKE VIEW,6,94368,94817,-449,-0.473544,0,1
C85,C,LAKE VIEW,6,94368,94817,-449,-0.473544,0,1
C87,C,LAKE VIEW,6,94368,94817,-449,-0.473544,0,1
C88,C,LAKE VIEW,6,94368,94817,-449,-0.473544,0,1
C89,C,LAKE VIEW,6,94368,94817,-449,-0.473544,0,1
A30,A,UPTOWN,3,56362,63551,-7189,-11.312174,0,1
C75,C,UPTOWN,3,56362,63551,-7189,-11.312174,0,1
C80,C,UPTOWN,3,56362,63551,-7189,-11.312174,0,1
C81,C,UPTOWN,3,56362,63551,-7189,-11.312174,0,1
C82,C,UPTOWN,3,56362,63551,-7189,-11.312174,0,1
C83,C,UPTOWN,3,56362,63551,-7189,-11.312174,0,1
C84,C,UPTOWN,3,56362,63551,-7189,-11.312174,0,1
C85,C,UPTOWN,3,56362,63551,-7189,-11.312174,0,1
C86,C,UPTOWN,3,56362,63551,-7189,-11.312174,0,1
C87,C,UPTOWN,3,56362,63551,-7189,-11.312174,0,1
C89,C,UPTOWN,3,56362,63551,-7189,-11.312174,0,1
A34,A,NEAR NORTH SIDE,8,80484,72811,7673,10.538243,1,0
B95,B,NEAR NORTH SIDE,8,80484,72811,7673,10.538243,1,0
B96,B,NEAR NORTH SIDE,8,80484,72811,7673,10.538243,1,0
C157,C,NEAR NORTH SIDE,8,80484,72811,7673,10.538243,1,0
D14,D,NEAR NORTH SIDE,8,80484,72811,7673,10.538243,1,0
D15,D,NEAR NORTH SIDE,8,80484,72811,7673,10.538243,1,0
D30,D,NEAR NORTH SIDE,8,80484,72811,7673,10.538243,1,0
D31,D,NEAR NORTH SIDE,8,80484,72811,7673,10.538243,1,0
A35,A,BEVERLY,72,20034,21992,-1958,-8.903237,0,1
A36,A,BEVERLY,72,20034,21992,-1958,-8.903237,0,1
A37,A,BEVERLY,72,20034,21992,-1958,-8.903237,0,1
B116,B,BEVERLY,72,20034,21992,-1958,-8.903237,0,1
B122,B,BEVERLY,72,20034,21992,-1958,-8.903237,0,1
B123,B,BEVERLY,72,20034,21992,-1958,-8.903237,0,1
B124,B,BEVERLY,72,20034,21992,-1958,-8.903237,0,1
B125,B,BEVERLY,72,20034,21992,-1958,-8.903237,0,1
C234,C,BEVERLY,72,20034,21992,-1958,-8.903237,0,1
C252,C,BEVERLY,72,20034,21992,-1958,-8.903237,0,1
C253,C,BEVERLY,72,20034,21992,-1958,-8.903237,0,1
C254,C,BEVERLY,72,20034,21992,-1958,-8.903237,0,1
D106,D,BEVERLY,72,20034,21992,-1958,-8.903237,0,1
D107,D,BEVERLY,72,20034,21992,-1958,-8.903237,0,1
D91,D,BEVERLY,72,20034,21992,-1958,-8.903237,0,1
B107,B,HYDE PARK,41,25681,29920,-4239,-14.167781,0,1
C213,C,HYDE PARK,41,25681,29920,-4239,-14.167781,0,1
C214,C,HYDE PARK,41,25681,29920,-4239,-14.167781,0,1
C215,C,HYDE PARK,41,25681,29920,-4239,-14.167781,0,1
C216,C,HYDE PARK,41,25681,29920,-4239,-14.167781,0,1
C218,C,HYDE PARK,41,25681,29920,-4239,-14.167781,0,1
D77,D,HYDE PARK,41,25681,29920,-4239,-14.167781,0,1
B107,B,KENWOOD,39,17841,18363,-522,-2.842673,0,1
C212,C,KENWOOD,39,17841,18363,-522,-2.842673,0,1
C213,C,KENWOOD,39,17841,18363,-522,-2.842673,0,1
C214,C,KENWOOD,39,17841,18363,-522,-2.842673,0,1
C215,C,KENWOOD,39,17841,18363,-522,-2.842673,0,1
D76,D,KENWOOD,39,17841,18363,-522,-2.842673,0,1
B108,B,SOUTH SHORE,43,49767,61556,-11789,-19.151667,0,1
B109,B,SOUTH SHORE,43,49767,61556,-11789,-19.151667,0,1
B110,B,SOUTH SHORE,43,49767,61556,-11789,-19.151667,0,1
B111,B,SOUTH SHORE,43,49767,61556,-11789,-19.151667,0,1
C238,C,SOUTH SHORE,43,49767,61556,-11789,-19.151667,0,1
C239,C,SOUTH SHORE,43,49767,61556,-11789,-19.151667,0,1
C240,C,SOUTH SHORE,43,49767,61556,-11789,-19.151667,0,1
C241,C,SOUTH SHORE,43,49767,61556,-11789,-19.151667,0,1
C242,C,SOUTH SHORE,43,49767,61556,-11789,-19.151667,0,1
C243,C,SOUTH SHORE,43,49767,61556,-11789,-19.151667,0,1
C244,C,SOUTH SHORE,43,49767,61556,-11789,-19.151667,0,1
C245,C,SOUTH SHORE,43,49767,61556,-11789,-19.151667,0,1
D89,D,SOUTH SHORE,43,49767,61556,-11789,-19.151667,0,1
D90,D,SOUTH SHORE,43,49767,61556,-11789,-19.151667,0,1
B108,B,GREATER GRAND CROSSING,69,32602,38619,-6017,-15.580414,0,1
B121,B,GREATER GRAND CROSSING,69,32602,38619,-6017,-15.580414,0,1
C219,C,GREATER GRAND CROSSING,69,32602,38619,-6017,-15.580414,0,1
C232,C,GREATER GRAND CROSSING,69,32602,38619,-6017,-15.580414,0,1
C236,C,GREATER GRAND CROSSING,69,32602,38619,-6017,-15.580414,0,1
C237,C,GREATER GRAND CROSSING,69,32602,38619,-6017,-15.580414,0,1
C238,C,GREATER GRAND CROSSING,69,32602,38619,-6017,-15.580414,0,1
D72,D,GREATER GRAND CROSSING,69,32602,38619,-6017,-15.580414,0,1
D73,D,GREATER GRAND CROSSING,69,32602,38619,-6017,-15.580414,0,1
D74,D,GREATER GRAND CROSSING,69,32602,38619,-6017,-15.580414,0,1
D75,D,GREATER GRAND CROSSING,69,32602,38619,-6017,-15.580414,0,1
D78,D,GREATER GRAND CROSSING,69,32602,38619,-6017,-15.580414,0,1
D79,D,GREATER GRAND CROSSING,69,32602,38619,-6017,-15.580414,0,1
D83,D,GREATER GRAND CROSSING,69,32602,38619,-6017,-15.580414,0,1
D87,D,GREATER GRAND CROSSING,69,32602,38619,-6017,-15.580414,0,1
D89,D,GREATER GRAND CROSSING,69,32602,38619,-6017,-15.580414,0,1
B108,B,WOODLAWN,42,25983,27086,-1103,-4.072214,0,1
B109,B,WOODLAWN,42,25983,27086,-1103,-4.072214,0,1
B110,B,WOODLAWN,42,25983,27086,-1103,-4.072214,0,1
C216,C,WOODLAWN,42,25983,27086,-1103,-4.072214,0,1
C217,C,WOODLAWN,42,25983,27086,-1103,-4.072214,0,1
C218,C,WOODLAWN,42,25983,27086,-1103,-4.072214,0,1
C219,C,WOODLAWN,42,25983,27086,-1103,-4.072214,0,1
C220,C,WOODLAWN,42,25983,27086,-1103,-4.072214,0,1
D75,D,WOODLAWN,42,25983,27086,-1103,-4.072214,0,1
D78,D,WOODLAWN,42,25983,27086,-1103,-4.072214,0,1
D79,D,WOODLAWN,42,25983,27086,-1103,-4.072214,0,1
B112,B,ASHBURN,70,41081,39584,1497,3.781831,1,0
D84,D,ASHBURN,70,41081,39584,1497,3.781831,1,0
D85,D,ASHBURN,70,41081,39584,1497,3.781831,1,0
D91,D,ASHBURN,70,41081,39584,1497,3.781831,1,0
B113,B,AUBURN GRESHAM,71,48743,55928,-7185,-12.846875,0,1
B114,B,AUBURN GRESHAM,71,48743,55928,-7185,-12.846875,0,1
B115,B,AUBURN GRESHAM,71,48743,55928,-7185,-12.846875,0,1
C225,C,AUBURN GRESHAM,71,48743,55928,-7185,-12.846875,0,1
C226,C,AUBURN GRESHAM,71,48743,55928,-7185,-12.846875,0,1
C227,C,AUBURN GRESHAM,71,48743,55928,-7185,-12.846875,0,1
C228,C,AUBURN GRESHAM,71,48743,55928,-7185,-12.846875,0,1
C229,C,AUBURN GRESHAM,71,48743,55928,-7185,-12.846875,0,1
C230,C,AUBURN GRESHAM,71,48743,55928,-7185,-12.846875,0,1
C231,C,AUBURN GRESHAM,71,48743,55928,-7185,-12.846875,0,1
C233,C,AUBURN GRESHAM,71,48743,55928,-7185,-12.846875,0,1
C234,C,AUBURN GRESHAM,71,48743,55928,-7185,-12.846875,0,1
C235,C,AUBURN GRESHAM,71,48743,55928,-7185,-12.846875,0,1
D84,D,AUBURN GRESHAM,71,48743,55928,-7185,-12.846875,0,1
D87,D,AUBURN GRESHAM,71,48743,55928,-7185,-12.846875,0,1
D88,D,AUBURN GRESHAM,71,48743,55928,-7185,-12.846875,0,1
D91,D,AUBURN GRESHAM,71,48743,55928,-7185,-12.846875,0,1
D92,D,AUBURN GRESHAM,71,48743,55928,-7185,-12.846875,0,1
D93,D,AUBURN GRESHAM,71,48743,55928,-7185,-12.846875,0,1
B116,B,WASHINGTON HEIGHTS,73,26493,29843,-3350,-11.225413,0,1
B117,B,WASHINGTON HEIGHTS,73,26493,29843,-3350,-11.225413,0,1
C233,C,WASHINGTON HEIGHTS,73,26493,29843,-3350,-11.225413,0,1
C234,C,WASHINGTON HEIGHTS,73,26493,29843,-3350,-11.225413,0,1
C255,C,WASHINGTON HEIGHTS,73,26493,29843,-3350,-11.225413,0,1
C258,C,WASHINGTON HEIGHTS,73,26493,29843,-3350,-11.225413,0,1
C259,C,WASHINGTON HEIGHTS,73,26493,29843,-3350,-11.225413,0,1
C264,C,WASHINGTON HEIGHTS,73,26493,29843,-3350,-11.225413,0,1
D106,D,WASHINGTON HEIGHTS,73,26493,29843,-3350,-11.225413,0,1
D107,D,WASHINGTON HEIGHTS,73,26493,29843,-3350,-11.225413,0,1
D108,D,WASHINGTON HEIGHTS,73,26493,29843,-3350,-11.225413,0,1
D91,D,WASHINGTON HEIGHTS,73,26493,29843,-3350,-11.225413,0,1
D92,D,WASHINGTON HEIGHTS,73,26493,29843,-3350,-11.225413,0,1
D95,D,WASHINGTON HEIGHTS,73,26493,29843,-3350,-11.225413,0,1
B118,B,CHATHAM,44,31028,37275,-6247,-16.759222,0,1
B119,B,CHATHAM,44,31028,37275,-6247,-16.759222,0,1
B120,B,CHATHAM,44,31028,37275,-6247,-16.759222,0,1
B121,B,CHATHAM,44,31028,37275,-6247,-16.759222,0,1
C232,C,CHATHAM,44,31028,37275,-6247,-16.759222,0,1
C236,C,CHATHAM,44,31028,37275,-6247,-16.759222,0,1
C237,C,CHATHAM,44,31028,37275,-6247,-16.759222,0,1
C246,C,CHATHAM,44,31028,37275,-6247,-16.759222,0,1
D87,D,CHATHAM,44,31028,37275,-6247,-16.759222,0,1
D88,D,CHATHAM,44,31028,37275,-6247,-16.759222,0,1
D89,D,CHATHAM,44,31028,37275,-6247,-16.759222,0,1
D94,D,CHATHAM,44,31028,37275,-6247,-16.759222,0,1
D96,D,CHATHAM,44,31028,37275,-6247,-16.759222,0,1
D97,D,CHATHAM,44,31028,37275,-6247,-16.759222,0,1
D98,D,CHATHAM,44,31028,37275,-6247,-16.759222,0,1
B121,B,AVALON PARK,45,10185,11147,-962,-8.630125,0,1
C238,C,AVALON PARK,45,10185,11147,-962,-8.630125,0,1
C247,C,AVALON PARK,45,10185,11147,-962,-8.630125,0,1
C248,C,AVALON PARK,45,10185,11147,-962,-8.630125,0,1
D89,D,AVALON PARK,45,10185,11147,-962,-8.630125,0,1
B122,B,MOUNT GREENWOOD,74,19093,18820,273,1.450584,1,0
D104,D,MOUNT GREENWOOD,74,19093,18820,273,1.450584,1,0
B123,B,MORGAN PARK,75,22544,25226,-2682,-10.631888,0,1
B124,B,MORGAN PARK,75,22544,25226,-2682,-10.631888,0,1
B125,B,MORGAN PARK,75,22544,25226,-2682,-10.631888,0,1
B126,B,MORGAN PARK,75,22544,25226,-2682,-10.631888,0,1
C252,C,MORGAN PARK,75,22544,25226,-2682,-10.631888,0,1
C253,C,MORGAN PARK,75,22544,25226,-2682,-10.631888,0,1
C254,C,MORGAN PARK,75,22544,25226,-2682,-10.631888,0,1
C256,C,MORGAN PARK,75,22544,25226,-2682,-10.631888,0,1
C257,C,MORGAN PARK,75,22544,25226,-2682,-10.631888,0,1
C268,C,MORGAN PARK,75,22544,25226,-2682,-10.631888,0,1
D104,D,MORGAN PARK,75,22544,25226,-2682,-10.631888,0,1
D105,D,MORGAN PARK,75,22544,25226,-2682,-10.631888,0,1
D106,D,MORGAN PARK,75,22544,25226,-2682,-10.631888,0,1
D109,D,MORGAN PARK,75,22544,25226,-2682,-10.631888,0,1
D110,D,MORGAN PARK,75,22544,25226,-2682,-10.631888,0,1
D111,D,MORGAN PARK,75,22544,25226,-2682,-10.631888,0,1
D112,D,MORGAN PARK,75,22544,25226,-2682,-10.631888,0,1
B127,B,ROSELAND,49,44619,52723,-8104,-15.370901,0,1
B128,B,ROSELAND,49,44619,52723,-8104,-15.370901,0,1
B129,B,ROSELAND,49,44619,52723,-8104,-15.370901,0,1
C235,C,ROSELAND,49,44619,52723,-8104,-15.370901,0,1
C246,C,ROSELAND,49,44619,52723,-8104,-15.370901,0,1
C257,C,ROSELAND,49,44619,52723,-8104,-15.370901,0,1
C258,C,ROSELAND,49,44619,52723,-8104,-15.370901,0,1
C259,C,ROSELAND,49,44619,52723,-8104,-15.370901,0,1
C260,C,ROSELAND,49,44619,52723,-8104,-15.370901,0,1
C261,C,ROSELAND,49,44619,52723,-8104,-15.370901,0,1
C262,C,ROSELAND,49,44619,52723,-8104,-15.370901,0,1
C264,C,ROSELAND,49,44619,52723,-8104,-15.370901,0,1
C265,C,ROSELAND,49,44619,52723,-8104,-15.370901,0,1
C266,C,ROSELAND,49,44619,52723,-8104,-15.370901,0,1
C269,C,ROSELAND,49,44619,52723,-8104,-15.370901,0,1
D113,D,ROSELAND,49,44619,52723,-8104,-15.370901,0,1
D120,D,ROSELAND,49,44619,52723,-8104,-15.370901,0,1
D94,D,ROSELAND,49,44619,52723,-8104,-15.370901,0,1
D96,D,ROSELAND,49,44619,52723,-8104,-15.370901,0,1
D97,D,ROSELAND,49,44619,52723,-8104,-15.370901,0,1
D98,D,ROSELAND,49,44619,52723,-8104,-15.370901,0,1
B128,B,WEST PULLMAN,53,29651,36649,-6998,-19.094655,0,1
C264,C,WEST PULLMAN,53,29651,36649,-6998,-19.094655,0,1
C269,C,WEST PULLMAN,53,29651,36649,-6998,-19.094655,0,1
C270,C,WEST PULLMAN,53,29651,36649,-6998,-19.094655,0,1
D111,D,WEST PULLMAN,53,29651,36649,-6998,-19.094655,0,1
D118,D,WEST PULLMAN,53,29651,36649,-6998,-19.094655,0,1
D119,D,WEST PULLMAN,53,29651,36649,-6998,-19.094655,0,1
D120,D,WEST PULLMAN,53,29651,36649,-6998,-19.094655,0,1
B44,B,WEST RIDGE,2,71942,73199,-1257,-1.717237,0,1
B62,B,WEST RIDGE,2,71942,73199,-1257,-1.717237,0,1
B63,B,WEST RIDGE,2,71942,73199,-1257,-1.717237,0,1
B65,B,WEST RIDGE,2,71942,73199,-1257,-1.717237,0,1
B69,B,WEST RIDGE,2,71942,73199,-1257,-1.717237,0,1
B70,B,WEST RIDGE,2,71942,73199,-1257,-1.717237,0,1
B72,B,WEST RIDGE,2,71942,73199,-1257,-1.717237,0,1
B73,B,WEST RIDGE,2,71942,73199,-1257,-1.717237,0,1
B74,B,WEST RIDGE,2,71942,73199,-1257,-1.717237,0,1
B77,B,WEST RIDGE,2,71942,73199,-1257,-1.717237,0,1
C24,C,WEST RIDGE,2,71942,73199,-1257,-1.717237,0,1
C67,C,WEST RIDGE,2,71942,73199,-1257,-1.717237,0,1
C71,C,WEST RIDGE,2,71942,73199,-1257,-1.717237,0,1
C72,C,WEST RIDGE,2,71942,73199,-1257,-1.717237,0,1
C73,C,WEST RIDGE,2,71942,73199,-1257,-1.717237,0,1
C75,C,WEST RIDGE,2,71942,73199,-1257,-1.717237,0,1
D4,D,WEST RIDGE,2,71942,73199,-1257,-1.717237,0,1
B44,B,ROGERS PARK,1,54991,63484,-8493,-13.378174,0,1
B70,B,ROGERS PARK,1,54991,63484,-8493,-13.378174,0,1
B71,B,ROGERS PARK,1,54991,63484,-8493,-13.378174,0,1
B75,B,ROGERS PARK,1,54991,63484,-8493,-13.378174,0,1
B76,B,ROGERS PARK,1,54991,63484,-8493,-13.378174,0,1
C64,C,ROGERS PARK,1,54991,63484,-8493,-13.378174,0,1
C65,C,ROGERS PARK,1,54991,63484,-8493,-13.378174,0,1
C66,C,ROGERS PARK,1,54991,63484,-8493,-13.378174,0,1
C67,C,ROGERS PARK,1,54991,63484,-8493,-13.378174,0,1
C68,C,ROGERS PARK,1,54991,63484,-8493,-13.378174,0,1
C69,C,ROGERS PARK,1,54991,63484,-8493,-13.378174,0,1
C70,C,ROGERS PARK,1,54991,63484,-8493,-13.378174,0,1
D4,D,ROGERS PARK,1,54991,63484,-8493,-13.378174,0,1
B48,B,EDISON PARK,9,11187,11259,-72,-0.639488,0,1
B52,B,EDISON PARK,9,11187,11259,-72,-0.639488,0,1
C34,C,EDISON PARK,9,11187,11259,-72,-0.639488,0,1
C37,C,EDISON PARK,9,11187,11259,-72,-0.639488,0,1
C38,C,EDISON PARK,9,11187,11259,-72,-0.639488,0,1
B51,B,NORWOOD PARK,10,37023,37669,-646,-1.714938,0,1
B52,B,NORWOOD PARK,10,37023,37669,-646,-1.714938,0,1
B53,B,NORWOOD PARK,10,37023,37669,-646,-1.714938,0,1
B54,B,NORWOOD PARK,10,37023,37669,-646,-1.714938,0,1
B55,B,NORWOOD PARK,10,37023,37669,-646,-1.714938,0,1
C34,C,NORWOOD PARK,10,37023,37669,-646,-1.714938,0,1
C35,C,NORWOOD PARK,10,37023,37669,-646,-1.714938,0,1
C36,C,NORWOOD PARK,10,37023,37669,-646,-1.714938,0,1
C37,C,NORWOOD PARK,10,37023,37669,-646,-1.714938,0,1
C38,C,NORWOOD PARK,10,37023,37669,-646,-1.714938,0,1
C39,C,NORWOOD PARK,10,37023,37669,-646,-1.714938,0,1
C40,C,NORWOOD PARK,10,37023,37669,-646,-1.714938,0,1
C41,C,NORWOOD PARK,10,37023,37669,-646,-1.714938,0,1
C44,C,NORWOOD PARK,10,37023,37669,-646,-1.714938,0,1
B54,B,JEFFERSON PARK,11,25448,25859,-411,-1.589389,0,1
C39,C,JEFFERSON PARK,11,25448,25859,-411,-1.589389,0,1
C40,C,JEFFERSON PARK,11,25448,25859,-411,-1.589389,0,1
C41,C,JEFFERSON PARK,11,25448,25859,-411,-1.589389,0,1
C42,C,JEFFERSON PARK,11,25448,25859,-411,-1.589389,0,1
C43,C,JEFFERSON PARK,11,25448,25859,-411,-1.589389,0,1
C44,C,JEFFERSON PARK,11,25448,25859,-411,-1.589389,0,1
C45,C,JEFFERSON PARK,11,25448,25859,-411,-1.589389,0,1
C46,C,JEFFERSON PARK,11,25448,25859,-411,-1.589389,0,1
C48,C,JEFFERSON PARK,11,25448,25859,-411,-1.589389,0,1
C49,C,JEFFERSON PARK,11,25448,25859,-411,-1.589389,0,1
B60,B,PORTAGE PARK,15,64124,65340,-1216,-1.861035,0,1
B82,B,PORTAGE PARK,15,64124,65340,-1216,-1.861035,0,1
C42,C,PORTAGE PARK,15,64124,65340,-1216,-1.861035,0,1
C43,C,PORTAGE PARK,15,64124,65340,-1216,-1.861035,0,1
C44,C,PORTAGE PARK,15,64124,65340,-1216,-1.861035,0,1
C46,C,PORTAGE PARK,15,64124,65340,-1216,-1.861035,0,1
C48,C,PORTAGE PARK,15,64124,65340,-1216,-1.861035,0,1
C49,C,PORTAGE PARK,15,64124,65340,-1216,-1.861035,0,1
C50,C,PORTAGE PARK,15,64124,65340,-1216,-1.861035,0,1
C53,C,PORTAGE PARK,15,64124,65340,-1216,-1.861035,0,1
C54,C,PORTAGE PARK,15,64124,65340,-1216,-1.861035,0,1
B62,B,LINCOLN SQUARE,4,39493,44574,-5081,-11.399022,0,1
B63,B,LINCOLN SQUARE,4,39493,44574,-5081,-11.399022,0,1
B65,B,LINCOLN SQUARE,4,39493,44574,-5081,-11.399022,0,1
B66,B,LINCOLN SQUARE,4,39493,44574,-5081,-11.399022,0,1
B67,B,LINCOLN SQUARE,4,39493,44574,-5081,-11.399022,0,1
C56,C,LINCOLN SQUARE,4,39493,44574,-5081,-11.399022,0,1
C58,C,LINCOLN SQUARE,4,39493,44574,-5081,-11.399022,0,1
C60,C,LINCOLN SQUARE,4,39493,44574,-5081,-11.399022,0,1
C71,C,LINCOLN SQUARE,4,39493,44574,-5081,-11.399022,0,1
C73,C,LINCOLN SQUARE,4,39493,44574,-5081,-11.399022,0,1
C75,C,LINCOLN SQUARE,4,39493,44574,-5081,-11.399022,0,1
C79,C,LINCOLN SQUARE,4,39493,44574,-5081,-11.399022,0,1
C80,C,LINCOLN SQUARE,4,39493,44574,-5081,-11.399022,0,1
C85,C,LINCOLN SQUARE,4,39493,44574,-5081,-11.399022,0,1
B64,B,ALBANY PARK,14,51542,57655,-6113,-10.602723,0,1
B67,B,ALBANY PARK,14,51542,57655,-6113,-10.602723,0,1
C47,C,ALBANY PARK,14,51542,57655,-6113,-10.602723,0,1
C50,C,ALBANY PARK,14,51542,57655,-6113,-10.602723,0,1
C51,C,ALBANY PARK,14,51542,57655,-6113,-10.602723,0,1
C55,C,ALBANY PARK,14,51542,57655,-6113,-10.602723,0,1
C57,C,ALBANY PARK,14,51542,57655,-6113,-10.602723,0,1
C59,C,ALBANY PARK,14,51542,57655,-6113,-10.602723,0,1
B67,B,IRVING PARK,16,53359,58643,-5284,-9.010453,0,1
B68,B,IRVING PARK,16,53359,58643,-5284,-9.010453,0,1
C110,C,IRVING PARK,16,53359,58643,-5284,-9.010453,0,1
C50,C,IRVING PARK,16,53359,58643,-5284,-9.010453,0,1
C51,C,IRVING PARK,16,53359,58643,-5284,-9.010453,0,1
C54,C,IRVING PARK,16,53359,58643,-5284,-9.010453,0,1
C57,C,IRVING PARK,16,53359,58643,-5284,-9.010453,0,1
C59,C,IRVING PARK,16,53359,58643,-5284,-9.010453,0,1
C60,C,IRVING PARK,16,53359,58643,-5284,-9.010453,0,1
C61,C,IRVING PARK,16,53359,58643,-5284,-9.010453,0,1
C62,C,IRVING PARK,16,53359,58643,-5284,-9.010453,0,1
C63,C,IRVING PARK,16,53359,58643,-5284,-9.010453,0,1
B68,B,AVONDALE,21,39262,43083,-3821,-8.868927,0,1
C110,C,AVONDALE,21,39262,43083,-3821,-8.868927,0,1
C111,C,AVONDALE,21,39262,43083,-3821,-8.868927,0,1
C112,C,AVONDALE,21,39262,43083,-3821,-8.868927,0,1
C117,C,AVONDALE,21,39262,43083,-3821,-8.868927,0,1
C54,C,AVONDALE,21,39262,43083,-3821,-8.868927,0,1
C59,C,AVONDALE,21,39262,43083,-3821,-8.868927,0,1
C61,C,AVONDALE,21,39262,43083,-3821,-8.868927,0,1
C62,C,AVONDALE,21,39262,43083,-3821,-8.868927,0,1
C63,C,AVONDALE,21,39262,43083,-3821,-8.868927,0,1
D3,D,AVONDALE,21,39262,43083,-3821,-8.868927,0,1
D9,D,AVONDALE,21,39262,43083,-3821,-8.868927,0,1
B75,B,EDGEWATER,77,56521,62198,-5677,-9.127303,0,1
B78,B,EDGEWATER,77,56521,62198,-5677,-9.127303,0,1
C68,C,EDGEWATER,77,56521,62198,-5677,-9.127303,0,1
C72,C,EDGEWATER,77,56521,62198,-5677,-9.127303,0,1
C74,C,EDGEWATER,77,56521,62198,-5677,-9.127303,0,1
C75,C,EDGEWATER,77,56521,62198,-5677,-9.127303,0,1
C76,C,EDGEWATER,77,56521,62198,-5677,-9.127303,0,1
C77,C,EDGEWATER,77,56521,62198,-5677,-9.127303,0,1
C78,C,EDGEWATER,77,56521,62198,-5677,-9.127303,0,1
C81,C,EDGEWATER,77,56521,62198,-5677,-9.127303,0,1
C82,C,EDGEWATER,77,56521,62198,-5677,-9.127303,0,1
C83,C,EDGEWATER,77,56521,62198,-5677,-9.127303,0,1
D4,D,EDGEWATER,77,56521,62198,-5677,-9.127303,0,1
B80,B,MONTCLARE,18,13426,12646,780,6.167958,1,0
C95,C,MONTCLARE,18,13426,12646,780,6.167958,1,0
C98,C,MONTCLARE,18,13426,12646,780,6.167958,1,0
B80,B,DUNNING,17,41932,42164,-232,-0.550232,0,1
B82,B,DUNNING,17,41932,42164,-232,-0.550232,0,1
C41,C,DUNNING,17,41932,42164,-232,-0.550232,0,1
C42,C,DUNNING,17,41932,42164,-232,-0.550232,0,1
C52,C,DUNNING,17,41932,42164,-232,-0.550232,0,1
C53,C,DUNNING,17,41932,42164,-232,-0.550232,0,1
C94,C,DUNNING,17,41932,42164,-232,-0.550232,0,1
C95,C,DUNNING,17,41932,42164,-232,-0.550232,0,1
C96,C,DUNNING,17,41932,42164,-232,-0.550232,0,1
B81,B,AUSTIN,25,98514,117527,-19013,-16.177559,0,1
B93,B,AUSTIN,25,98514,117527,-19013,-16.177559,0,1
C104,C,AUSTIN,25,98514,117527,-19013,-16.177559,0,1
C105,C,AUSTIN,25,98514,117527,-19013,-16.177559,0,1
C106,C,AUSTIN,25,98514,117527,-19013,-16.177559,0,1
C107,C,AUSTIN,25,98514,117527,-19013,-16.177559,0,1
C108,C,AUSTIN,25,98514,117527,-19013,-16.177559,0,1
C109,C,AUSTIN,25,98514,117527,-19013,-16.177559,0,1
C138,C,AUSTIN,25,98514,117527,-19013,-16.177559,0,1
C143,C,AUSTIN,25,98514,117527,-19013,-16.177559,0,1
C144,C,AUSTIN,25,98514,117527,-19013,-16.177559,0,1
C145,C,AUSTIN,25,98514,117527,-19013,-16.177559,0,1
C146,C,AUSTIN,25,98514,117527,-19013,-16.177559,0,1
C147,C,AUSTIN,25,98514,117527,-19013,-16.177559,0,1
C148,C,AUSTIN,25,98514,117527,-19013,-16.177559,0,1
C149,C,AUSTIN,25,98514,117527,-19013,-16.177559,0,1
C150,C,AUSTIN,25,98514,117527,-19013,-16.177559,0,1
C151,C,AUSTIN,25,98514,117527,-19013,-16.177559,0,1
C158,C,AUSTIN,25,98514,117527,-19013,-16.177559,0,1
C170,C,AUSTIN,25,98514,117527,-19013,-16.177559,0,1
C95,C,AUSTIN,25,98514,117527,-19013,-16.177559,0,1
C98,C,AUSTIN,25,98514,117527,-19013,-16.177559,0,1
D55,D,AUSTIN,25,98514,117527,-19013,-16.177559,0,1
B82,B,BELMONT CRAGIN,19,78743,78144,599,0.766534,1,0
B83,B,BELMONT CRAGIN,19,78743,78144,599,0.766534,1,0
C100,C,BELMONT CRAGIN,19,78743,78144,599,0.766534,1,0
C101,C,BELMONT CRAGIN,19,78743,78144,599,0.766534,1,0
C102,C,BELMONT CRAGIN,19,78743,78144,599,0.766534,1,0
C103,C,BELMONT CRAGIN,19,78743,78144,599,0.766534,1,0
C111,C,BELMONT CRAGIN,19,78743,78144,599,0.766534,1,0
C113,C,BELMONT CRAGIN,19,78743,78144,599,0.766534,1,0
C52,C,BELMONT CRAGIN,19,78743,78144,599,0.766534,1,0
C53,C,BELMONT CRAGIN,19,78743,78144,599,0.766534,1,0
C54,C,BELMONT CRAGIN,19,78743,78144,599,0.766534,1,0
C95,C,BELMONT CRAGIN,19,78743,78144,599,0.766534,1,0
C99,C,BELMONT CRAGIN,19,78743,78144,599,0.766534,1,0
D7,D,BELMONT CRAGIN,19,78743,78144,599,0.766534,1,0
D8,D,BELMONT CRAGIN,19,78743,78144,599,0.766534,1,0
B83,B,HERMOSA,20,25010,26908,-1898,-7.053664,0,1
C111,C,HERMOSA,20,25010,26908,-1898,-7.053664,0,1
C112,C,HERMOSA,20,25010,26908,-1898,-7.053664,0,1
C113,C,HERMOSA,20,25010,26908,-1898,-7.053664,0,1
C54,C,HERMOSA,20,25010,26908,-1898,-7.053664,0,1
B84,B,LINCOLN PARK,7,64116,64320,-204,-0.317164,0,1
C120,C,LINCOLN PARK,7,64116,64320,-204,-0.317164,0,1
C122,C,LINCOLN PARK,7,64116,64320,-204,-0.317164,0,1
C123,C,LINCOLN PARK,7,64116,64320,-204,-0.317164,0,1
D11,D,LINCOLN PARK,7,64116,64320,-204,-0.317164,0,1
D12,D,LINCOLN PARK,7,64116,64320,-204,-0.317164,0,1
D14,D,LINCOLN PARK,7,64116,64320,-204,-0.317164,0,1
D15,D,LINCOLN PARK,7,64116,64320,-204,-0.317164,0,1
C110,C,LOGAN SQUARE,22,73595,82715,-9120,-11.025811,0,1
C112,C,LOGAN SQUARE,22,73595,82715,-9120,-11.025811,0,1
C113,C,LOGAN SQUARE,22,73595,82715,-9120,-11.025811,0,1
C116,C,LOGAN SQUARE,22,73595,82715,-9120,-11.025811,0,1
C117,C,LOGAN SQUARE,22,73595,82715,-9120,-11.025811,0,1
C118,C,LOGAN SQUARE,22,73595,82715,-9120,-11.025811,0,1
C119,C,LOGAN SQUARE,22,73595,82715,-9120,-11.025811,0,1
D10,D,LOGAN SQUARE,22,73595,82715,-9120,-11.025811,0,1
D13,D,LOGAN SQUARE,22,73595,82715,-9120,-11.025811,0,1
D9,D,LOGAN SQUARE,22,73595,82715,-9120,-11.025811,0,1
C113,C,HUMBOLDT PARK,23,56323,65836,-9513,-14.449541,0,1
C114,C,HUMBOLDT PARK,23,56323,65836,-9513,-14.449541,0,1
C115,C,HUMBOLDT PARK,23,56323,65836,-9513,-14.449541,0,1
C116,C,HUMBOLDT PARK,23,56323,65836,-9513,-14.449541,0,1
C145,C,HUMBOLDT PARK,23,56323,65836,-9513,-14.449541,0,1
C153,C,HUMBOLDT PARK,23,56323,65836,-9513,-14.449541,0,1
C154,C,HUMBOLDT PARK,23,56323,65836,-9513,-14.449541,0,1
C155,C,HUMBOLDT PARK,23,56323,65836,-9513,-14.449541,0,1
D10,D,HUMBOLDT PARK,23,56323,65836,-9513,-14.449541,0,1
D25,D,HUMBOLDT PARK,23,56323,65836,-9513,-14.449541,0,1
D27,D,HUMBOLDT PARK,23,56323,65836,-9513,-14.449541,0,1
C120,C,NORTH CENTER,5,31867,31895,-28,-0.087788,0,1
C58,C,NORTH CENTER,5,31867,31895,-28,-0.087788,0,1
C60,C,NORTH CENTER,5,31867,31895,-28,-0.087788,0,1
C80,C,NORTH CENTER,5,31867,31895,-28,-0.087788,0,1
C85,C,NORTH CENTER,5,31867,31895,-28,-0.087788,0,1
C87,C,NORTH CENTER,5,31867,31895,-28,-0.087788,0,1
C147,C,WEST GARFIELD PARK,26,18001,23019,-5018,-21.799383,0,1
C149,C,WEST GARFIELD PARK,26,18001,23019,-5018,-21.799383,0,1
C151,C,WEST GARFIELD PARK,26,18001,23019,-5018,-21.799383,0,1
C158,C,WEST GARFIELD PARK,26,18001,23019,-5018,-21.799383,0,1
C159,C,WEST GARFIELD PARK,26,18001,23019,-5018,-21.799383,0,1
D25,D,WEST GARFIELD PARK,26,18001,23019,-5018,-21.799383,0,1
C151,C,EAST GARFIELD PARK,27,20567,20881,-314,-1.503759,0,1
C152,C,EAST GARFIELD PARK,27,20567,20881,-314,-1.503759,0,1
C158,C,EAST GARFIELD PARK,27,20567,20881,-314,-1.503759,0,1
C159,C,EAST GARFIELD PARK,27,20567,20881,-314,-1.503759,0,1
D25,D,EAST GARFIELD PARK,27,20567,20881,-314,-1.503759,0,1
D26,D,EAST GARFIELD PARK,27,20567,20881,-314,-1.503759,0,1
D27,D,EAST GARFIELD PARK,27,20567,20881,-314,-1.503759,0,1
D33,D,EAST GARFIELD PARK,27,20567,20881,-314,-1.503759,0,1
D36,D,EAST GARFIELD PARK,27,20567,20881,-314,-1.503759,0,1
C154,C,WEST TOWN,24,81432,87435,-6003,-6.865672,0,1
C155,C,WEST TOWN,24,81432,87435,-6003,-6.865672,0,1
C156,C,WEST TOWN,24,81432,87435,-6003,-6.865672,0,1
D10,D,WEST TOWN,24,81432,87435,-6003,-6.865672,0,1
D13,D,WEST TOWN,24,81432,87435,-6003,-6.865672,0,1
D28,D,WEST TOWN,24,81432,87435,-6003,-6.865672,0,1
D29,D,WEST TOWN,24,81432,87435,-6003,-6.865672,0,1
D32,D,WEST TOWN,24,81432,87435,-6003,-6.865672,0,1
C158,C,NORTH LAWNDALE,29,35912,41768,-5856,-14.020303,0,1
C159,C,NORTH LAWNDALE,29,35912,41768,-5856,-14.020303,0,1
C160,C,NORTH LAWNDALE,29,35912,41768,-5856,-14.020303,0,1
C161,C,NORTH LAWNDALE,29,35912,41768,-5856,-14.020303,0,1
C162,C,NORTH LAWNDALE,29,35912,41768,-5856,-14.020303,0,1
C163,C,NORTH LAWNDALE,29,35912,41768,-5856,-14.020303,0,1
D33,D,NORTH LAWNDALE,29,35912,41768,-5856,-14.020303,0,1
D34,D,NORTH LAWNDALE,29,35912,41768,-5856,-14.020303,0,1
D35,D,NORTH LAWNDALE,29,35912,41768,-5856,-14.020303,0,1
D36,D,NORTH LAWNDALE,29,35912,41768,-5856,-14.020303,0,1
C162,C,SOUTH LAWNDALE,30,79288,91071,-11783,-12.938257,0,1
C163,C,SOUTH LAWNDALE,30,79288,91071,-11783,-12.938257,0,1
C193,C,BRIGHTON PARK,58,45368,44912,456,1.015319,1,0
C194,C,BRIGHTON PARK,58,45368,44912,456,1.015319,1,0
D62,D,BRIGHTON PARK,58,45368,44912,456,1.015319,1,0
D63,D,BRIGHTON PARK,58,45368,44912,456,1.015319,1,0
D64,D,BRIGHTON PARK,58,45368,44912,456,1.015319,1,0
D69,D,BRIGHTON PARK,58,45368,44912,456,1.015319,1,0
C194,C,MCKINLEY PARK,59,15612,15962,-350,-2.192708,0,1
D62,D,MCKINLEY PARK,59,15612,15962,-350,-2.192708,0,1
D64,D,MCKINLEY PARK,59,15612,15962,-350,-2.192708,0,1
C195,C,WEST ELSDON,62,18109,15921,2188,13.742855,1,0
C201,C,WEST ELSDON,62,18109,15921,2188,13.742855,1,0
C203,C,WEST ELSDON,62,18109,15921,2188,13.742855,1,0
C204,C,WEST ELSDON,62,18109,15921,2188,13.742855,1,0
C205,C,WEST ELSDON,62,18109,15921,2188,13.742855,1,0
C195,C,ARCHER HEIGHTS,57,13393,12644,749,5.923758,1,0
C201,C,ARCHER HEIGHTS,57,13393,12644,749,5.923758,1,0
D67,D,ARCHER HEIGHTS,57,13393,12644,749,5.923758,1,0
D68,D,ARCHER HEIGHTS,57,13393,12644,749,5.923758,1,0
C196,C,GARFIELD RIDGE,56,34513,36101,-1588,-4.39877,0,1
C197,C,GARFIELD RIDGE,56,34513,36101,-1588,-4.39877,0,1
C199,C,GARFIELD RIDGE,56,34513,36101,-1588,-4.39877,0,1
C200,C,GARFIELD RIDGE,56,34513,36101,-1588,-4.39877,0,1
C201,C,GARFIELD RIDGE,56,34513,36101,-1588,-4.39877,0,1
D66,D,GARFIELD RIDGE,56,34513,36101,-1588,-4.39877,0,1
D67,D,GARFIELD RIDGE,56,34513,36101,-1588,-4.39877,0,1
C197,C,CLEARING,64,23139,22331,808,3.618288,1,0
C200,C,CLEARING,64,23139,22331,808,3.618288,1,0
C202,C,CLEARING,64,23139,22331,808,3.618288,1,0
C203,C,CLEARING,64,23139,22331,808,3.618288,1,0
D81,D,CLEARING,64,23139,22331,808,3.618288,1,0
C202,C,WEST LAWN,65,33355,29235,4120,14.092697,1,0
C203,C,WEST LAWN,65,33355,29235,4120,14.092697,1,0
C204,C,WEST LAWN,65,33355,29235,4120,14.092697,1,0
C205,C,WEST LAWN,65,33355,29235,4120,14.092697,1,0
C206,C,WEST LAWN,65,33355,29235,4120,14.092697,1,0
C207,C,WEST LAWN,65,33355,29235,4120,14.092697,1,0
D84,D,WEST LAWN,65,33355,29235,4120,14.092697,1,0
C205,C,CHICAGO LAWN,66,55628,61412,-5784,-9.418355,0,1
C206,C,CHICAGO LAWN,66,55628,61412,-5784,-9.418355,0,1
C207,C,CHICAGO LAWN,66,55628,61412,-5784,-9.418355,0,1
C209,C,CHICAGO LAWN,66,55628,61412,-5784,-9.418355,0,1
C211,C,CHICAGO LAWN,66,55628,61412,-5784,-9.418355,0,1
C224,C,CHICAGO LAWN,66,55628,61412,-5784,-9.418355,0,1
D84,D,CHICAGO LAWN,66,55628,61412,-5784,-9.418355,0,1
D85,D,CHICAGO LAWN,66,55628,61412,-5784,-9.418355,0,1
C205,C,GAGE PARK,63,39894,39193,701,1.788585,1,0
C208,C,GAGE PARK,63,39894,39193,701,1.788585,1,0
C209,C,GAGE PARK,63,39894,39193,701,1.788585,1,0
D69,D,GAGE PARK,63,39894,39193,701,1.788585,1,0
C210,C,ENGLEWOOD,68,30654,40222,-9568,-23.787977,0,1
C228,C,ENGLEWOOD,68,30654,40222,-9568,-23.787977,0,1
C229,C,ENGLEWOOD,68,30654,40222,-9568,-23.787977,0,1
D71,D,ENGLEWOOD,68,30654,40222,-9568,-23.787977,0,1
D72,D,ENGLEWOOD,68,30654,40222,-9568,-23.787977,0,1
D73,D,ENGLEWOOD,68,30654,40222,-9568,-23.787977,0,1
D83,D,ENGLEWOOD,68,30654,40222,-9568,-23.787977,0,1
D87,D,ENGLEWOOD,68,30654,40222,-9568,-23.787977,0,1
C210,C,WEST ENGLEWOOD,67,35505,45282,-9777,-21.591361,0,1
C211,C,WEST ENGLEWOOD,67,35505,45282,-9777,-21.591361,0,1
C228,C,WEST ENGLEWOOD,67,35505,45282,-9777,-21.591361,0,1
D71,D,WEST ENGLEWOOD,67,35505,45282,-9777,-21.591361,0,1
D83,D,WEST ENGLEWOOD,67,35505,45282,-9777,-21.591361,0,1
D85,D,WEST ENGLEWOOD,67,35505,45282,-9777,-21.591361,0,1
D86,D,WEST ENGLEWOOD,67,35505,45282,-9777,-21.591361,0,1
C210,C,NEW CITY,61,44377,51721,-7344,-14.199261,0,1
D62,D,NEW CITY,61,44377,51721,-7344,-14.199261,0,1
D69,D,NEW CITY,61,44377,51721,-7344,-14.199261,0,1
D70,D,NEW CITY,61,44377,51721,-7344,-14.199261,0,1
D71,D,NEW CITY,61,44377,51721,-7344,-14.199261,0,1
D72,D,NEW CITY,61,44377,51721,-7344,-14.199261,0,1
C215,C,WASHINGTON PARK,40,11717,14146,-2429,-17.170932,0,1
D73,D,WASHINGTON PARK,40,11717,14146,-2429,-17.170932,0,1
D74,D,WASHINGTON PARK,40,11717,14146,-2429,-17.170932,0,1
D78,D,WASHINGTON PARK,40,11717,14146,-2429,-17.170932,0,1
C243,C,SOUTH CHICAGO,46,31198,38596,-7398,-19.167789,0,1
C244,C,SOUTH CHICAGO,46,31198,38596,-7398,-19.167789,0,1
C245,C,SOUTH CHICAGO,46,31198,38596,-7398,-19.167789,0,1
C249,C,SOUTH CHICAGO,46,31198,38596,-7398,-19.167789,0,1
D100,D,SOUTH CHICAGO,46,31198,38596,-7398,-19.167789,0,1
D90,D,SOUTH CHICAGO,46,31198,38596,-7398,-19.167789,0,1
D99,D,SOUTH CHICAGO,46,31198,38596,-7398,-19.167789,0,1
C246,C,BURNSIDE,47,2916,3294,-378,-11.47541,0,1
D98,D,BURNSIDE,47,2916,3294,-378,-11.47541,0,1
C247,C,CALUMET HEIGHTS,48,13812,15974,-2162,-13.534494,0,1
C248,C,CALUMET HEIGHTS,48,13812,15974,-2162,-13.534494,0,1
C249,C,CALUMET HEIGHTS,48,13812,15974,-2162,-13.534494,0,1
D100,D,CALUMET HEIGHTS,48,13812,15974,-2162,-13.534494,0,1
D98,D,CALUMET HEIGHTS,48,13812,15974,-2162,-13.534494,0,1
C263,C,PULLMAN,50,7325,8921,-1596,-17.890371,0,1
D113,D,PULLMAN,50,7325,8921,-1596,-17.890371,0,1
C267,C,HEGEWISCH,55,9426,9781,-355,-3.629486,0,1
D122,D,HEGEWISCH,55,9426,9781,-355,-3.629486,0,1
D131,D,HEGEWISCH,55,9426,9781,-355,-3.629486,0,1
C267,C,EAST SIDE,52,23042,23653,-611,-2.583182,0,1
D115,D,EAST SIDE,52,23042,23653,-611,-2.583182,0,1
C92,C,OHARE,76,12756,11956,800,6.691201,1,0
C94,C,OHARE,76,12756,11956,800,6.691201,1,0
D113,D,RIVERDALE,54,6482,9809,-3327,-33.917831,0,1
D120,D,RIVERDALE,54,6482,9809,-3327,-33.917831,0,1
D121,D,RIVERDALE,54,6482,9809,-3327,-33.917831,0,1
D128,D,RIVERDALE,54,6482,9809,-3327,-33.917831,0,1
D129,D,RIVERDALE,54,6482,9809,-3327,-33.917831,0,1
D114,D,SOUTH DEERING,51,15109,16990,-1881,-11.071218,0,1
D26,D,NEAR WEST SIDE,28,54881,46419,8462,18.229604,1,0
D27,D,NEAR WEST SIDE,28,54881,46419,8462,18.229604,1,0
D33,D,NEAR WEST SIDE,28,54881,46419,8462,18.229604,1,0
D36,D,NEAR WEST SIDE,28,54881,46419,8462,18.229604,1,0
D37,D,NEAR WEST SIDE,28,54881,46419,8462,18.229604,1,0
D38,D,NEAR WEST SIDE,28,54881,46419,8462,18.229604,1,0
D39,D,NEAR WEST SIDE,28,54881,46419,8462,18.229604,1,0
D40,D,NEAR WEST SIDE,28,54881,46419,8462,18.229604,1,0
D41,D,NEAR WEST SIDE,28,54881,46419,8462,18.229604,1,0
D47,D,NEAR WEST SIDE,28,54881,46419,8462,18.229604,1,0
D49,D,NEAR WEST SIDE,28,54881,46419,8462,18.229604,1,0
D42,D,LOWER WEST SIDE,31,35769,44031,-8262,-18.764053,0,1
D43,D,LOWER WEST SIDE,31,35769,44031,-8262,-18.764053,0,1
D49,D,LOWER WEST SIDE,31,35769,44031,-8262,-18.764053,0,1
D44,D,BRIDGEPORT,60,31977,33694,-1717,-5.095863,0,1
D45,D,BRIDGEPORT,60,31977,33694,-1717,-5.095863,0,1
D46,D,BRIDGEPORT,60,31977,33694,-1717,-5.095863,0,1
D51,D,BRIDGEPORT,60,31977,33694,-1717,-5.095863,0,1
D65,D,BRIDGEPORT,60,31977,33694,-1717,-5.095863,0,1
D72,D,BRIDGEPORT,60,31977,33694,-1717,-5.095863,0,1
D48,D,NEAR SOUTH SIDE,33,21390,9509,11881,124.944789,1,0
D49,D,NEAR SOUTH SIDE,33,21390,9509,11881,124.944789,1,0
D50,D,NEAR SOUTH SIDE,33,21390,9509,11881,124.944789,1,0
D52,D,NEAR SOUTH SIDE,33,21390,9509,11881,124.944789,1,0
D53,D,NEAR SOUTH SIDE,33,21390,9509,11881,124.944789,1,0
D48,D,LOOP,32,29283,16388,12895,78.685624,1,0
D49,D,ARMOUR SQUARE,34,13391,12032,1359,11.29488,1,0
D51,D,ARMOUR SQUARE,34,13391,12032,1359,11.29488,1,0
D52,D,ARMOUR SQUARE,34,13391,12032,1359,11.29488,1,0
D73,D,ARMOUR SQUARE,34,13391,12032,1359,11.29488,1,0
D52,D,DOUGLAS,35,18238,26470,-8232,-31.099358,0,1
D53,D,DOUGLAS,35,18238,26470,-8232,-31.099358,0,1
D73,D,DOUGLAS,35,18238,26470,-8232,-31.099358,0,1
D74,D,DOUGLAS,35,18238,26470,-8232,-31.099358,0,1
D72,D,FULLER PARK,37,2876,3420,-544,-15.906433,0,1
D73,D,FULLER PARK,37,2876,3420,-544,-15.906433,0,1
D73,D,GRAND BOULEVARD,38,21929,28006,-6077,-21.698922,0,1
D74,D,GRAND BOULEVARD,38,21929,28006,-6077,-21.698922,0,1
D76,D,GRAND BOULEVARD,38,21929,28006,-6077,-21.698922,0,1
D74,D,OAKLAND,36,5918,6110,-192,-3.14239,0,1
D76,D,OAKLAND,36,5918,6110,-192,-3.14239,0,1
