holc_id,holc_grade,community,NID,POP2010,POP2000,POPCH,POPPERCH,popplus,popneg,neighborhood_area,region_area
A28,A,FOREST GLEN,12,18508,18165,343,1.888247,1,0,8274696.3362383405,2306488.463532645
A29,A,FOREST GLEN,12,18508,18165,343,1.888247,1,0,8274696.3362383405,1188079.6716912948
B54,B,FOREST GLEN,12,18508,18165,343,1.888247,1,0,8274696.3362383405,588419.334730469
B56,B,FOREST GLEN,12,18508,18165,343,1.888247,1,0,8274696.3362383405,346566.4810443307
B57,B,FOREST GLEN,12,18508,18165,343,1.888247,1,0,8274696.3362383405,398707.8388149937
B58,B,FOREST GLEN,12,18508,18165,343,1.888247,1,0,8274696.3362383405,554440.3024390609
B59,B,FOREST GLEN,12,18508,18165,343,1.888247,1,0,8274696.3362383405,333677.14545470907
B61,B,FOREST GLEN,12,18508,18165,343,1.888247,1,0,8274696.3362383405,1544832.1513655912
C45,C,FOREST GLEN,12,18508,18165,343,1.888247,1,0,8274696.3362383405,1391859.123762251
C46,C,FOREST GLEN,12,18508,18165,343,1.888247,1,0,8274696.3362383405,976306.8887821677
C47,C,FOREST GLEN,12,18508,18165,343,1.888247,1,0,8274696.3362383405,1010277.466815402
C50,C,FOREST GLEN,12,18508,18165,343,1.888247,1,0,8274696.3362383405,2899729.3967976854
A29,A,NORTH PARK,13,17931,18514,-583,-3.148968,0,1,6525331.184541481,1188079.6716912948
B58,B,NORTH PARK,13,17931,18514,-583,-3.148968,0,1,6525331.184541481,554440.3024390609
B59,B,NORTH PARK,13,17931,18514,-583,-3.148968,0,1,6525331.184541481,333677.14545470907
B61,B,NORTH PARK,13,17931,18514,-583,-3.148968,0,1,6525331.184541481,1544832.1513655912
B62,B,NORTH PARK,13,17931,18514,-583,-3.148968,0,1,6525331.184541481,360843.9619871162
B64,B,NORTH PARK,13,17931,18514,-583,-3.148968,0,1,6525331.184541481,1129587.8652758936
C47,C,NORTH PARK,13,17931,18514,-583,-3.148968,0,1,6525331.184541481,1010277.466815402
C55,C,NORTH PARK,13,17931,18514,-583,-3.148968,0,1,6525331.184541481,1702941.0059894
C57,C,NORTH PARK,13,17931,18514,-583,-3.148968,0,1,6525331.184541481,978562.2684334532
A30,A,LAKE VIEW,6,94368,94817,-449,-0.473544,0,1,8096437.499658383,187588.60840339778
B84,B,LAKE VIEW,6,94368,94817,-449,-0.473544,0,1,8096437.499658383,425013.59865375835
C120,C,LAKE VIEW,6,94368,94817,-449,-0.473544,0,1,8096437.499658383,1139301.1260350975
C121,C,LAKE VIEW,6,94368,94817,-449,-0.473544,0,1,8096437.499658383,395931.40660166054
C122,C,LAKE VIEW,6,94368,94817,-449,-0.473544,0,1,8096437.499658383,1359001.5622909258
C123,C,LAKE VIEW,6,94368,94817,-449,-0.473544,0,1,8096437.499658383,805426.1370216651
C80,C,LAKE VIEW,6,94368,94817,-449,-0.473544,0,1,8096437.499658383,1537377.1591902752
C82,C,LAKE VIEW,6,94368,94817,-449,-0.473544,0,1,8096437.499658383,1231425.8306739859
C85,C,LAKE VIEW,6,94368,94817,-449,-0.473544,0,1,8096437.499658383,3238014.544239787
C87,C,LAKE VIEW,6,94368,94817,-449,-0.473544,0,1,8096437.499658383,3899256.3010157105
C88,C,LAKE VIEW,6,94368,94817,-449,-0.473544,0,1,8096437.499658383,463394.25838526734
C89,C,LAKE VIEW,6,94368,94817,-449,-0.473544,0,1,8096437.499658383,537221.4821608705
A30,A,UPTOWN,3,56362,63551,-7189,-11.312174,0,1,6043042.934366981,187588.60840339778
C75,C,UPTOWN,3,56362,63551,-7189,-11.312174,0,1,6043042.934366981,1733635.9693736352
C80,C,UPTOWN,3,56362,63551,-7189,-11.312174,0,1,6043042.934366981,1537377.1591902752
C81,C,UPTOWN,3,56362,63551,-7189,-11.312174,0,1,6043042.934366981,448415.115537081
C82,C,UPTOWN,3,56362,63551,-7189,-11.312174,0,1,6043042.934366981,1231425.8306739859
C83,C,UPTOWN,3,56362,63551,-7189,-11.312174,0,1,6043042.934366981,266731.84986708
C84,C,UPTOWN,3,56362,63551,-7189,-11.312174,0,1,6043042.934366981,591542.3673945348
C85,C,UPTOWN,3,56362,63551,-7189,-11.312174,0,1,6043042.934366981,3238014.544239787
C86,C,UPTOWN,3,56362,63551,-7189,-11.312174,0,1,6043042.934366981,272418.46386863786
C87,C,UPTOWN,3,56362,63551,-7189,-11.312174,0,1,6043042.934366981,3899256.3010157105
C89,C,UPTOWN,3,56362,63551,-7189,-11.312174,0,1,6043042.934366981,537221.4821608705
A34,A,NEAR NORTH SIDE,8,80484,72811,7673,10.538243,1,0,7118003.341570375,163578.0523422693
B95,B,NEAR NORTH SIDE,8,80484,72811,7673,10.538243,1,0,7118003.341570375,115918.27213761679
B96,B,NEAR NORTH SIDE,8,80484,72811,7673,10.538243,1,0,7118003.341570375,148400.19902908226
C157,C,NEAR NORTH SIDE,8,80484,72811,7673,10.538243,1,0,7118003.341570375,190416.4763317017
D14,D,NEAR NORTH SIDE,8,80484,72811,7673,10.538243,1,0,7118003.341570375,721663.8051542008
D15,D,NEAR NORTH SIDE,8,80484,72811,7673,10.538243,1,0,7118003.341570375,1333098.4471994145
D30,D,NEAR NORTH SIDE,8,80484,72811,7673,10.538243,1,0,7118003.341570375,1611728.9378651723
D31,D,NEAR NORTH SIDE,8,80484,72811,7673,10.538243,1,0,7118003.341570375,1029819.4229813911
A35,A,BEVERLY,72,20034,21992,-1958,-8.903237,0,1,8241752.4191984255,278928.48884126195
A36,A,BEVERLY,72,20034,21992,-1958,-8.903237,0,1,8241752.4191984255,634010.4376785542
A37,A,BEVERLY,72,20034,21992,-1958,-8.903237,0,1,8241752.4191984255,470332.368841529
B116,B,BEVERLY,72,20034,21992,-1958,-8.903237,0,1,8241752.4191984255,222790.3690398234
B122,B,BEVERLY,72,20034,21992,-1958,-8.903237,0,1,8241752.4191984255,4145488.638520731
B123,B,BEVERLY,72,20034,21992,-1958,-8.903237,0,1,8241752.4191984255,375722.3163687705
B124,B,BEVERLY,72,20034,21992,-1958,-8.903237,0,1,8241752.4191984255,1925260.8474393082
B125,B,BEVERLY,72,20034,21992,-1958,-8.903237,0,1,8241752.4191984255,985169.0494015667
C234,C,BEVERLY,72,20034,21992,-1958,-8.903237,0,1,8241752.4191984255,1039836.7961028789
C252,C,BEVERLY,72,20034,21992,-1958,-8.903237,0,1,8241752.4191984255,1399892.0826583458
C253,C,BEVERLY,72,20034,21992,-1958,-8.903237,0,1,8241752.4191984255,930479.5802216396
C254,C,BEVERLY,72,20034,21992,-1958,-8.903237,0,1,8241752.4191984255,1579395.060220742
D106,D,BEVERLY,72,20034,21992,-1958,-8.903237,0,1,8241752.4191984255,294932.0638248018
D107,D,BEVERLY,72,20034,21992,-1958,-8.903237,0,1,8241752.4191984255,474969.69443156774
D91,D,BEVERLY,72,20034,21992,-1958,-8.903237,0,1,8241752.4191984255,346243.25017188734
B107,B,HYDE PARK,41,25681,29920,-4239,-14.167781,0,1,4187160.2735547777,523369.16065761476
C213,C,HYDE PARK,41,25681,29920,-4239,-14.167781,0,1,4187160.2735547777,545588.798832979
C214,C,HYDE PARK,41,25681,29920,-4239,-14.167781,0,1,4187160.2735547777,447860.43658150366
C215,C,HYDE PARK,41,25681,29920,-4239,-14.167781,0,1,4187160.2735547777,2189282.825618048
C216,C,HYDE PARK,41,25681,29920,-4239,-14.167781,0,1,4187160.2735547777,254965.19831513707
C218,C,HYDE PARK,41,25681,29920,-4239,-14.167781,0,1,4187160.2735547777,161274.39123154702
D77,D,HYDE PARK,41,25681,29920,-4239,-14.167781,0,1,4187160.2735547777,42235.150439427955
B107,B,KENWOOD,39,17841,18363,-522,-2.842673,0,1,2698752.519346247,523369.16065761476
C212,C,KENWOOD,39,17841,18363,-522,-2.842673,0,1,2698752.519346247,355713.7025799017
C213,C,KENWOOD,39,17841,18363,-522,-2.842673,0,1,2698752.519346247,545588.798832979
C214,C,KENWOOD,39,17841,18363,-522,-2.842673,0,1,2698752.519346247,447860.43658150366
C215,C,KENWOOD,39,17841,18363,-522,-2.842673,0,1,2698752.519346247,2189282.825618048
D76,D,KENWOOD,39,17841,18363,-522,-2.842673,0,1,2698752.519346247,1149827.4328877819
B108,B,SOUTH SHORE,43,49767,61556,-11789,-19.151667,0,1,7594657.399806681,397601.58036195696
B109,B,SOUTH SHORE,43,49767,61556,-11789,-19.151667,0,1,7594657.399806681,288816.1021598838
B110,B,SOUTH SHORE,43,49767,61556,-11789,-19.151667,0,1,7594657.399806681,633340.8634416858
B111,B,SOUTH SHORE,43,49767,61556,-11789,-19.151667,0,1,7594657.399806681,878339.8728536766
C238,C,SOUTH SHORE,43,49767,61556,-11789,-19.151667,0,1,7594657.399806681,1751927.4592489155
C239,C,SOUTH SHORE,43,49767,61556,-11789,-19.151667,0,1,7594657.399806681,179211.73215996314
C240,C,SOUTH SHORE,43,49767,61556,-11789,-19.151667,0,1,7594657.399806681,610805.3090485483
C241,C,SOUTH SHORE,43,49767,61556,-11789,-19.151667,0,1,7594657.399806681,1298226.0175142114
C242,C,SOUTH SHORE,43,49767,61556,-11789,-19.151667,0,1,7594657.399806681,314770.72238953656
C243,C,SOUTH SHORE,43,49767,61556,-11789,-19.151667,0,1,7594657.399806681,348741.0584594304
C244,C,SOUTH SHORE,43,49767,61556,-11789,-19.151667,0,1,7594657.399806681,740838.2745873933
C245,C,SOUTH SHORE,43,49767,61556,-11789,-19.151667,0,1,7594657.399806681,1255493.5954759715
D89,D,SOUTH SHORE,43,49767,61556,-11789,-19.151667,0,1,7594657.399806681,858087.556732595
D90,D,SOUTH SHORE,43,49767,61556,-11789,-19.151667,0,1,7594657.399806681,1009249.5901586732
B108,B,GREATER GRAND CROSSING,69,32602,38619,-6017,-15.580414,0,1,9176699.438654713,397601.58036195696
B121,B,GREATER GRAND CROSSING,69,32602,38619,-6017,-15.580414,0,1,9176699.438654713,1919445.203523581
C219,C,GREATER GRAND CROSSING,69,32602,38619,-6017,-15.580414,0,1,9176699.438654713,569336.8067247659
C232,C,GREATER GRAND CROSSING,69,32602,38619,-6017,-15.580414,0,1,9176699.438654713,796236.3424516526
C236,C,GREATER GRAND CROSSING,69,32602,38619,-6017,-15.580414,0,1,9176699.438654713,1650562.8819699632
C237,C,GREATER GRAND CROSSING,69,32602,38619,-6017,-15.580414,0,1,9176699.438654713,2282221.789088149
C238,C,GREATER GRAND CROSSING,69,32602,38619,-6017,-15.580414,0,1,9176699.438654713,1751927.4592489155
D72,D,GREATER GRAND CROSSING,69,32602,38619,-6017,-15.580414,0,1,9176699.438654713,5455964.825252556
D73,D,GREATER GRAND CROSSING,69,32602,38619,-6017,-15.580414,0,1,9176699.438654713,1924800.0161104612
D74,D,GREATER GRAND CROSSING,69,32602,38619,-6017,-15.580414,0,1,9176699.438654713,7444693.527904564
D75,D,GREATER GRAND CROSSING,69,32602,38619,-6017,-15.580414,0,1,9176699.438654713,920429.3938389758
D78,D,GREATER GRAND CROSSING,69,32602,38619,-6017,-15.580414,0,1,9176699.438654713,510573.5019599928
D79,D,GREATER GRAND CROSSING,69,32602,38619,-6017,-15.580414,0,1,9176699.438654713,365366.7915723874
D83,D,GREATER GRAND CROSSING,69,32602,38619,-6017,-15.580414,0,1,9176699.438654713,7513841.300844011
D87,D,GREATER GRAND CROSSING,69,32602,38619,-6017,-15.580414,0,1,9176699.438654713,503158.7245225877
D89,D,GREATER GRAND CROSSING,69,32602,38619,-6017,-15.580414,0,1,9176699.438654713,858087.556732595
B108,B,WOODLAWN,42,25983,27086,-1103,-4.072214,0,1,5367025.069098864,397601.58036195696
B109,B,WOODLAWN,42,25983,27086,-1103,-4.072214,0,1,5367025.069098864,288816.1021598838
B110,B,WOODLAWN,42,25983,27086,-1103,-4.072214,0,1,5367025.069098864,633340.8634416858
C216,C,WOODLAWN,42,25983,27086,-1103,-4.072214,0,1,5367025.069098864,254965.19831513707
C217,C,WOODLAWN,42,25983,27086,-1103,-4.072214,0,1,5367025.069098864,510098.34407901304
C218,C,WOODLAWN,42,25983,27086,-1103,-4.072214,0,1,5367025.069098864,161274.39123154702
C219,C,WOODLAWN,42,25983,27086,-1103,-4.072214,0,1,5367025.069098864,569336.8067247659
C220,C,WOODLAWN,42,25983,27086,-1103,-4.072214,0,1,5367025.069098864,344776.55544268
D75,D,WOODLAWN,42,25983,27086,-1103,-4.072214,0,1,5367025.069098864,920429.3938389758
D78,D,WOODLAWN,42,25983,27086,-1103,-4.072214,0,1,5367025.069098864,510573.5019599928
D79,D,WOODLAWN,42,25983,27086,-1103,-4.072214,0,1,5367025.069098864,365366.7915723874
B112,B,ASHBURN,70,41081,39584,1497,3.781831,1,0,12575528.458546083,67541.782740133
D84,D,ASHBURN,70,41081,39584,1497,3.781831,1,0,12575528.458546083,8505265.617543435
D85,D,ASHBURN,70,41081,39584,1497,3.781831,1,0,12575528.458546083,291168.1205866219
D91,D,ASHBURN,70,41081,39584,1497,3.781831,1,0,12575528.458546083,346243.25017188734
B113,B,AUBURN GRESHAM,71,48743,55928,-7185,-12.846875,0,1,9753564.390470777,315997.01629942213
B114,B,AUBURN GRESHAM,71,48743,55928,-7185,-12.846875,0,1,9753564.390470777,651554.4911892785
B115,B,AUBURN GRESHAM,71,48743,55928,-7185,-12.846875,0,1,9753564.390470777,539548.095940944
C225,C,AUBURN GRESHAM,71,48743,55928,-7185,-12.846875,0,1,9753564.390470777,97513.3923028547
C226,C,AUBURN GRESHAM,71,48743,55928,-7185,-12.846875,0,1,9753564.390470777,904614.771817113
C227,C,AUBURN GRESHAM,71,48743,55928,-7185,-12.846875,0,1,9753564.390470777,139131.80961502698
C228,C,AUBURN GRESHAM,71,48743,55928,-7185,-12.846875,0,1,9753564.390470777,388064.0833178279
C229,C,AUBURN GRESHAM,71,48743,55928,-7185,-12.846875,0,1,9753564.390470777,313064.8365968199
C230,C,AUBURN GRESHAM,71,48743,55928,-7185,-12.846875,0,1,9753564.390470777,1052165.9883831092
C231,C,AUBURN GRESHAM,71,48743,55928,-7185,-12.846875,0,1,9753564.390470777,103675.88616739628
C233,C,AUBURN GRESHAM,71,48743,55928,-7185,-12.846875,0,1,9753564.390470777,844600.4223265211
C234,C,AUBURN GRESHAM,71,48743,55928,-7185,-12.846875,0,1,9753564.390470777,1039836.7961028789
C235,C,AUBURN GRESHAM,71,48743,55928,-7185,-12.846875,0,1,9753564.390470777,484481.5704718812
D84,D,AUBURN GRESHAM,71,48743,55928,-7185,-12.846875,0,1,9753564.390470777,8505265.617543435
D87,D,AUBURN GRESHAM,71,48743,55928,-7185,-12.846875,0,1,9753564.390470777,503158.7245225877
D88,D,AUBURN GRESHAM,71,48743,55928,-7185,-12.846875,0,1,9753564.390470777,400197.42043657106
D91,D,AUBURN GRESHAM,71,48743,55928,-7185,-12.846875,0,1,9753564.390470777,346243.25017188734
D92,D,AUBURN GRESHAM,71,48743,55928,-7185,-12.846875,0,1,9753564.390470777,879448.9581425128
D93,D,AUBURN GRESHAM,71,48743,55928,-7185,-12.846875,0,1,9753564.390470777,358125.6902025328
B116,B,WASHINGTON HEIGHTS,73,26493,29843,-3350,-11.225413,0,1,7392825.464327364,222790.3690398234
B117,B,WASHINGTON HEIGHTS,73,26493,29843,-3350,-11.225413,0,1,7392825.464327364,1033531.0199018508
C233,C,WASHINGTON HEIGHTS,73,26493,29843,-3350,-11.225413,0,1,7392825.464327364,844600.4223265211
C234,C,WASHINGTON HEIGHTS,73,26493,29843,-3350,-11.225413,0,1,7392825.464327364,1039836.7961028789
C255,C,WASHINGTON HEIGHTS,73,26493,29843,-3350,-11.225413,0,1,7392825.464327364,439042.0010515566
C258,C,WASHINGTON HEIGHTS,73,26493,29843,-3350,-11.225413,0,1,7392825.464327364,1096374.6195028082
C259,C,WASHINGTON HEIGHTS,73,26493,29843,-3350,-11.225413,0,1,7392825.464327364,241892.176256256
C264,C,WASHINGTON HEIGHTS,73,26493,29843,-3350,-11.225413,0,1,7392825.464327364,2056439.7348951686
D106,D,WASHINGTON HEIGHTS,73,26493,29843,-3350,-11.225413,0,1,7392825.464327364,294932.0638248018
D107,D,WASHINGTON HEIGHTS,73,26493,29843,-3350,-11.225413,0,1,7392825.464327364,474969.69443156774
D108,D,WASHINGTON HEIGHTS,73,26493,29843,-3350,-11.225413,0,1,7392825.464327364,1235378.3180707437
D91,D,WASHINGTON HEIGHTS,73,26493,29843,-3350,-11.225413,0,1,7392825.464327364,346243.25017188734
D92,D,WASHINGTON HEIGHTS,73,26493,29843,-3350,-11.225413,0,1,7392825.464327364,879448.9581425128
D95,D,WASHINGTON HEIGHTS,73,26493,29843,-3350,-11.225413,0,1,7392825.464327364,404565.8412097518
B118,B,CHATHAM,44,31028,37275,-6247,-16.759222,0,1,7641960.258714802,1166426.7289701279
B119,B,CHATHAM,44,31028,37275,-6247,-16.759222,0,1,7641960.258714802,648037.6491441615
B120,B,CHATHAM,44,31028,37275,-6247,-16.759222,0,1,7641960.258714802,905774.3637758148
B121,B,CHATHAM,44,31028,37275,-6247,-16.759222,0,1,7641960.258714802,1919445.203523581
C232,C,CHATHAM,44,31028,37275,-6247,-16.759222,0,1,7641960.258714802,796236.3424516526
C236,C,CHATHAM,44,31028,37275,-6247,-16.759222,0,1,7641960.258714802,1650562.8819699632
C237,C,CHATHAM,44,31028,37275,-6247,-16.759222,0,1,7641960.258714802,2282221.789088149
C246,C,CHATHAM,44,31028,37275,-6247,-16.759222,0,1,7641960.258714802,1768949.4560915579
D87,D,CHATHAM,44,31028,37275,-6247,-16.759222,0,1,7641960.258714802,503158.7245225877
D88,D,CHATHAM,44,31028,37275,-6247,-16.759222,0,1,7641960.258714802,400197.42043657106
D89,D,CHATHAM,44,31028,37275,-6247,-16.759222,0,1,7641960.258714802,858087.556732595
D94,D,CHATHAM,44,31028,37275,-6247,-16.759222,0,1,7641960.258714802,139185.31622603568
D96,D,CHATHAM,44,31028,37275,-6247,-16.759222,0,1,7641960.258714802,307118.2905971719
D97,D,CHATHAM,44,31028,37275,-6247,-16.759222,0,1,7641960.258714802,665944.8174985036
D98,D,CHATHAM,44,31028,37275,-6247,-16.759222,0,1,7641960.258714802,1354765.406738784
B121,B,AVALON PARK,45,10185,11147,-962,-8.630125,0,1,3235392.2239753935,1919445.203523581
C238,C,AVALON PARK,45,10185,11147,-962,-8.630125,0,1,3235392.2239753935,1751927.4592489155
C247,C,AVALON PARK,45,10185,11147,-962,-8.630125,0,1,3235392.2239753935,464601.4140286304
C248,C,AVALON PARK,45,10185,11147,-962,-8.630125,0,1,3235392.2239753935,158965.9310722907
D89,D,AVALON PARK,45,10185,11147,-962,-8.630125,0,1,3235392.2239753935,858087.556732595
B122,B,MOUNT GREENWOOD,74,19093,18820,273,1.450584,1,0,7016921.137300392,4145488.638520731
D104,D,MOUNT GREENWOOD,74,19093,18820,273,1.450584,1,0,7016921.137300392,4105009.9699129057
B123,B,MORGAN PARK,75,22544,25226,-2682,-10.631888,0,1,8529326.802469132,375722.3163687705
B124,B,MORGAN PARK,75,22544,25226,-2682,-10.631888,0,1,8529326.802469132,1925260.8474393082
B125,B,MORGAN PARK,75,22544,25226,-2682,-10.631888,0,1,8529326.802469132,985169.0494015667
B126,B,MORGAN PARK,75,22544,25226,-2682,-10.631888,0,1,8529326.802469132,408581.0262775822
C252,C,MORGAN PARK,75,22544,25226,-2682,-10.631888,0,1,8529326.802469132,1399892.0826583458
C253,C,MORGAN PARK,75,22544,25226,-2682,-10.631888,0,1,8529326.802469132,930479.5802216396
C254,C,MORGAN PARK,75,22544,25226,-2682,-10.631888,0,1,8529326.802469132,1579395.060220742
C256,C,MORGAN PARK,75,22544,25226,-2682,-10.631888,0,1,8529326.802469132,337342.6315124721
C257,C,MORGAN PARK,75,22544,25226,-2682,-10.631888,0,1,8529326.802469132,153132.6219161022
C268,C,MORGAN PARK,75,22544,25226,-2682,-10.631888,0,1,8529326.802469132,2269729.8324389867
D104,D,MORGAN PARK,75,22544,25226,-2682,-10.631888,0,1,8529326.802469132,4105009.9699129057
D105,D,MORGAN PARK,75,22544,25226,-2682,-10.631888,0,1,8529326.802469132,333590.9606259357
D106,D,MORGAN PARK,75,22544,25226,-2682,-10.631888,0,1,8529326.802469132,294932.0638248018
D109,D,MORGAN PARK,75,22544,25226,-2682,-10.631888,0,1,8529326.802469132,198911.099289031
D110,D,MORGAN PARK,75,22544,25226,-2682,-10.631888,0,1,8529326.802469132,280771.1479391895
D111,D,MORGAN PARK,75,22544,25226,-2682,-10.631888,0,1,8529326.802469132,1902053.6642665365
D112,D,MORGAN PARK,75,22544,25226,-2682,-10.631888,0,1,8529326.802469132,386598.13330038375
B127,B,ROSELAND,49,44619,52723,-8104,-15.370901,0,1,12468599.090501402,850829.4679197813
B128,B,ROSELAND,49,44619,52723,-8104,-15.370901,0,1,12468599.090501402,564607.0382527049
B129,B,ROSELAND,49,44619,52723,-8104,-15.370901,0,1,12468599.090501402,1345818.753355624
C235,C,ROSELAND,49,44619,52723,-8104,-15.370901,0,1,12468599.090501402,484481.5704718812
C246,C,ROSELAND,49,44619,52723,-8104,-15.370901,0,1,12468599.090501402,1768949.4560915579
C257,C,ROSELAND,49,44619,52723,-8104,-15.370901,0,1,12468599.090501402,153132.6219161022
C258,C,ROSELAND,49,44619,52723,-8104,-15.370901,0,1,12468599.090501402,1096374.6195028082
C259,C,ROSELAND,49,44619,52723,-8104,-15.370901,0,1,12468599.090501402,241892.176256256
C260,C,ROSELAND,49,44619,52723,-8104,-15.370901,0,1,12468599.090501402,589372.6883957856
C261,C,ROSELAND,49,44619,52723,-8104,-15.370901,0,1,12468599.090501402,900257.0381250818
C262,C,ROSELAND,49,44619,52723,-8104,-15.370901,0,1,12468599.090501402,529748.009264141
C264,C,ROSELAND,49,44619,52723,-8104,-15.370901,0,1,12468599.090501402,2056439.7348951686
C265,C,ROSELAND,49,44619,52723,-8104,-15.370901,0,1,12468599.090501402,631198.5132851036
C266,C,ROSELAND,49,44619,52723,-8104,-15.370901,0,1,12468599.090501402,355981.1209528951
C269,C,ROSELAND,49,44619,52723,-8104,-15.370901,0,1,12468599.090501402,1523356.9195176112
D113,D,ROSELAND,49,44619,52723,-8104,-15.370901,0,1,12468599.090501402,840675.3710551171
D120,D,ROSELAND,49,44619,52723,-8104,-15.370901,0,1,12468599.090501402,1387818.9230358298
D94,D,ROSELAND,49,44619,52723,-8104,-15.370901,0,1,12468599.090501402,139185.31622603568
D96,D,ROSELAND,49,44619,52723,-8104,-15.370901,0,1,12468599.090501402,307118.2905971719
D97,D,ROSELAND,49,44619,52723,-8104,-15.370901,0,1,12468599.090501402,665944.8174985036
D98,D,ROSELAND,49,44619,52723,-8104,-15.370901,0,1,12468599.090501402,1354765.406738784
B128,B,WEST PULLMAN,53,29651,36649,-6998,-19.094655,0,1,9224313.72146982,564607.0382527049
C264,C,WEST PULLMAN,53,29651,36649,-6998,-19.094655,0,1,9224313.72146982,2056439.7348951686
C269,C,WEST PULLMAN,53,29651,36649,-6998,-19.094655,0,1,9224313.72146982,1523356.9195176112
C270,C,WEST PULLMAN,53,29651,36649,-6998,-19.094655,0,1,9224313.72146982,569833.2371015723
D111,D,WEST PULLMAN,53,29651,36649,-6998,-19.094655,0,1,9224313.72146982,1902053.6642665365
D118,D,WEST PULLMAN,53,29651,36649,-6998,-19.094655,0,1,9224313.72146982,1832697.1782508902
D119,D,WEST PULLMAN,53,29651,36649,-6998,-19.094655,0,1,9224313.72146982,1214105.4188372653
D120,D,WEST PULLMAN,53,29651,36649,-6998,-19.094655,0,1,9224313.72146982,1387818.9230358298
B44,B,WEST RIDGE,2,71942,73199,-1257,-1.717237,0,1,9137658.140840828,477557.2097829839
B62,B,WEST RIDGE,2,71942,73199,-1257,-1.717237,0,1,9137658.140840828,360843.9619871162
B63,B,WEST RIDGE,2,71942,73199,-1257,-1.717237,0,1,9137658.140840828,1581184.9284299125
B65,B,WEST RIDGE,2,71942,73199,-1257,-1.717237,0,1,9137658.140840828,778493.4241130354
B69,B,WEST RIDGE,2,71942,73199,-1257,-1.717237,0,1,9137658.140840828,966160.0938277262
B70,B,WEST RIDGE,2,71942,73199,-1257,-1.717237,0,1,9137658.140840828,848223.4641191926
B72,B,WEST RIDGE,2,71942,73199,-1257,-1.717237,0,1,9137658.140840828,817234.0149102156
B73,B,WEST RIDGE,2,71942,73199,-1257,-1.717237,0,1,9137658.140840828,1180968.3856113425
B74,B,WEST RIDGE,2,71942,73199,-1257,-1.717237,0,1,9137658.140840828,543360.598506424
B77,B,WEST RIDGE,2,71942,73199,-1257,-1.717237,0,1,9137658.140840828,659819.8546262314
C24,C,WEST RIDGE,2,71942,73199,-1257,-1.717237,0,1,9137658.140840828,2179955.721620545
C67,C,WEST RIDGE,2,71942,73199,-1257,-1.717237,0,1,9137658.140840828,1107738.1579437766
C71,C,WEST RIDGE,2,71942,73199,-1257,-1.717237,0,1,9137658.140840828,346088.69868702727
C72,C,WEST RIDGE,2,71942,73199,-1257,-1.717237,0,1,9137658.140840828,566467.3684004154
C73,C,WEST RIDGE,2,71942,73199,-1257,-1.717237,0,1,9137658.140840828,262126.8239501031
C75,C,WEST RIDGE,2,71942,73199,-1257,-1.717237,0,1,9137658.140840828,1733635.9693736352
D4,D,WEST RIDGE,2,71942,73199,-1257,-1.717237,0,1,9137658.140840828,62231.52077204319
B44,B,ROGERS PARK,1,54991,63484,-8493,-13.378174,0,1,4758656.228014746,477557.2097829839
B70,B,ROGERS PARK,1,54991,63484,-8493,-13.378174,0,1,4758656.228014746,848223.4641191926
B71,B,ROGERS PARK,1,54991,63484,-8493,-13.378174,0,1,4758656.228014746,112033.13194591951
B75,B,ROGERS PARK,1,54991,63484,-8493,-13.378174,0,1,4758656.228014746,298861.0740776514
B76,B,ROGERS PARK,1,54991,63484,-8493,-13.378174,0,1,4758656.228014746,124553.98467229804
C64,C,ROGERS PARK,1,54991,63484,-8493,-13.378174,0,1,4758656.228014746,218305.257137827
C65,C,ROGERS PARK,1,54991,63484,-8493,-13.378174,0,1,4758656.228014746,272286.02040168626
C66,C,ROGERS PARK,1,54991,63484,-8493,-13.378174,0,1,4758656.228014746,348795.984449909
C67,C,ROGERS PARK,1,54991,63484,-8493,-13.378174,0,1,4758656.228014746,1107738.1579437766
C68,C,ROGERS PARK,1,54991,63484,-8493,-13.378174,0,1,4758656.228014746,1080559.4932930132
C69,C,ROGERS PARK,1,54991,63484,-8493,-13.378174,0,1,4758656.228014746,425066.1462488844
C70,C,ROGERS PARK,1,54991,63484,-8493,-13.378174,0,1,4758656.228014746,199288.19924470127
D4,D,ROGERS PARK,1,54991,63484,-8493,-13.378174,0,1,4758656.228014746,62231.52077204319
B48,B,EDISON PARK,9,11187,11259,-72,-0.639488,0,1,2937112.0050454084,384145.4458694926
B52,B,EDISON PARK,9,11187,11259,-72,-0.639488,0,1,2937112.0050454084,3248039.19252793
C34,C,EDISON PARK,9,11187,11259,-72,-0.639488,0,1,2937112.0050454084,304609.4058115273
C37,C,EDISON PARK,9,11187,11259,-72,-0.639488,0,1,2937112.0050454084,442885.0523346201
C38,C,EDISON PARK,9,11187,11259,-72,-0.639488,0,1,2937112.0050454084,932099.3472859764
B51,B,NORWOOD PARK,10,37023,37669,-646,-1.714938,0,1,12339262.652538858,315165.99920925143
B52,B,NORWOOD PARK,10,37023,37669,-646,-1.714938,0,1,12339262.652538858,3248039.19252793
B53,B,NORWOOD PARK,10,37023,37669,-646,-1.714938,0,1,12339262.652538858,1176239.572770803
B54,B,NORWOOD PARK,10,37023,37669,-646,-1.714938,0,1,12339262.652538858,588419.334730469
B55,B,NORWOOD PARK,10,37023,37669,-646,-1.714938,0,1,12339262.652538858,238115.7013773206
C34,C,NORWOOD PARK,10,37023,37669,-646,-1.714938,0,1,12339262.652538858,304609.4058115273
C35,C,NORWOOD PARK,10,37023,37669,-646,-1.714938,0,1,12339262.652538858,94167.21566023257
C36,C,NORWOOD PARK,10,37023,37669,-646,-1.714938,0,1,12339262.652538858,916153.0078708667
C37,C,NORWOOD PARK,10,37023,37669,-646,-1.714938,0,1,12339262.652538858,442885.0523346201
C38,C,NORWOOD PARK,10,37023,37669,-646,-1.714938,0,1,12339262.652538858,932099.3472859764
C39,C,NORWOOD PARK,10,37023,37669,-646,-1.714938,0,1,12339262.652538858,1217784.2052550192
C40,C,NORWOOD PARK,10,37023,37669,-646,-1.714938,0,1,12339262.652538858,1759416.1554926967
C41,C,NORWOOD PARK,10,37023,37669,-646,-1.714938,0,1,12339262.652538858,1694303.791107824
C44,C,NORWOOD PARK,10,37023,37669,-646,-1.714938,0,1,12339262.652538858,701045.1317493632
B54,B,JEFFERSON PARK,11,25448,25859,-411,-1.589389,0,1,6022237.97074971,588419.334730469
C39,C,JEFFERSON PARK,11,25448,25859,-411,-1.589389,0,1,6022237.97074971,1217784.2052550192
C40,C,JEFFERSON PARK,11,25448,25859,-411,-1.589389,0,1,6022237.97074971,1759416.1554926967
C41,C,JEFFERSON PARK,11,25448,25859,-411,-1.589389,0,1,6022237.97074971,1694303.791107824
C42,C,JEFFERSON PARK,11,25448,25859,-411,-1.589389,0,1,6022237.97074971,1317106.4334521643
C43,C,JEFFERSON PARK,11,25448,25859,-411,-1.589389,0,1,6022237.97074971,1798147.7903948224
C44,C,JEFFERSON PARK,11,25448,25859,-411,-1.589389,0,1,6022237.97074971,701045.1317493632
C45,C,JEFFERSON PARK,11,25448,25859,-411,-1.589389,0,1,6022237.97074971,1391859.123762251
C46,C,JEFFERSON PARK,11,25448,25859,-411,-1.589389,0,1,6022237.97074971,976306.8887821677
C48,C,JEFFERSON PARK,11,25448,25859,-411,-1.589389,0,1,6022237.97074971,1501941.9746254727
C49,C,JEFFERSON PARK,11,25448,25859,-411,-1.589389,0,1,6022237.97074971,1160283.2941094676
B60,B,PORTAGE PARK,15,64124,65340,-1216,-1.861035,0,1,10230362.674822118,513766.50256859465
B82,B,PORTAGE PARK,15,64124,65340,-1216,-1.861035,0,1,10230362.674822118,1634018.8572083795
C42,C,PORTAGE PARK,15,64124,65340,-1216,-1.861035,0,1,10230362.674822118,1317106.4334521643
C43,C,PORTAGE PARK,15,64124,65340,-1216,-1.861035,0,1,10230362.674822118,1798147.7903948224
C44,C,PORTAGE PARK,15,64124,65340,-1216,-1.861035,0,1,10230362.674822118,701045.1317493632
C46,C,PORTAGE PARK,15,64124,65340,-1216,-1.861035,0,1,10230362.674822118,976306.8887821677
C48,C,PORTAGE PARK,15,64124,65340,-1216,-1.861035,0,1,10230362.674822118,1501941.9746254727
C49,C,PORTAGE PARK,15,64124,65340,-1216,-1.861035,0,1,10230362.674822118,1160283.2941094676
C50,C,PORTAGE PARK,15,64124,65340,-1216,-1.861035,0,1,10230362.674822118,2899729.3967976854
C53,C,PORTAGE PARK,15,64124,65340,-1216,-1.861035,0,1,10230362.674822118,3726359.800583
C54,C,PORTAGE PARK,15,64124,65340,-1216,-1.861035,0,1,10230362.674822118,1848789.216420019
B62,B,LINCOLN SQUARE,4,39493,44574,-5081,-11.399022,0,1,6623966.103541533,360843.9619871162
B63,B,LINCOLN SQUARE,4,39493,44574,-5081,-11.399022,0,1,6623966.103541533,1581184.9284299125
B65,B,LINCOLN SQUARE,4,39493,44574,-5081,-11.399022,0,1,6623966.103541533,778493.4241130354
B66,B,LINCOLN SQUARE,4,39493,44574,-5081,-11.399022,0,1,6623966.103541533,524393.390993955
B67,B,LINCOLN SQUARE,4,39493,44574,-5081,-11.399022,0,1,6623966.103541533,374295.48907173815
C56,C,LINCOLN SQUARE,4,39493,44574,-5081,-11.399022,0,1,6623966.103541533,401708.6858289858
C58,C,LINCOLN SQUARE,4,39493,44574,-5081,-11.399022,0,1,6623966.103541533,540857.3615024128
C60,C,LINCOLN SQUARE,4,39493,44574,-5081,-11.399022,0,1,6623966.103541533,561289.7027012103
C71,C,LINCOLN SQUARE,4,39493,44574,-5081,-11.399022,0,1,6623966.103541533,346088.69868702727
C73,C,LINCOLN SQUARE,4,39493,44574,-5081,-11.399022,0,1,6623966.103541533,262126.8239501031
C75,C,LINCOLN SQUARE,4,39493,44574,-5081,-11.399022,0,1,6623966.103541533,1733635.9693736352
C79,C,LINCOLN SQUARE,4,39493,44574,-5081,-11.399022,0,1,6623966.103541533,997266.8417138325
C80,C,LINCOLN SQUARE,4,39493,44574,-5081,-11.399022,0,1,6623966.103541533,1537377.1591902752
C85,C,LINCOLN SQUARE,4,39493,44574,-5081,-11.399022,0,1,6623966.103541533,3238014.544239787
B64,B,ALBANY PARK,14,51542,57655,-6113,-10.602723,0,1,4970648.800631711,1129587.8652758936
B67,B,ALBANY PARK,14,51542,57655,-6113,-10.602723,0,1,4970648.800631711,374295.48907173815
C47,C,ALBANY PARK,14,51542,57655,-6113,-10.602723,0,1,4970648.800631711,1010277.466815402
C50,C,ALBANY PARK,14,51542,57655,-6113,-10.602723,0,1,4970648.800631711,2899729.3967976854
C51,C,ALBANY PARK,14,51542,57655,-6113,-10.602723,0,1,4970648.800631711,214998.35780454302
C55,C,ALBANY PARK,14,51542,57655,-6113,-10.602723,0,1,4970648.800631711,1702941.0059894
C57,C,ALBANY PARK,14,51542,57655,-6113,-10.602723,0,1,4970648.800631711,978562.2684334532
C59,C,ALBANY PARK,14,51542,57655,-6113,-10.602723,0,1,4970648.800631711,2160940.6884617154
B67,B,IRVING PARK,16,53359,58643,-5284,-9.010453,0,1,8319173.24533565,374295.48907173815
B68,B,IRVING PARK,16,53359,58643,-5284,-9.010453,0,1,8319173.24533565,172226.57277884748
C110,C,IRVING PARK,16,53359,58643,-5284,-9.010453,0,1,8319173.24533565,589575.0248997681
C50,C,IRVING PARK,16,53359,58643,-5284,-9.010453,0,1,8319173.24533565,2899729.3967976854
C51,C,IRVING PARK,16,53359,58643,-5284,-9.010453,0,1,8319173.24533565,214998.35780454302
C54,C,IRVING PARK,16,53359,58643,-5284,-9.010453,0,1,8319173.24533565,1848789.216420019
C57,C,IRVING PARK,16,53359,58643,-5284,-9.010453,0,1,8319173.24533565,978562.2684334532
C59,C,IRVING PARK,16,53359,58643,-5284,-9.010453,0,1,8319173.24533565,2160940.6884617154
C60,C,IRVING PARK,16,53359,58643,-5284,-9.010453,0,1,8319173.24533565,561289.7027012103
C61,C,IRVING PARK,16,53359,58643,-5284,-9.010453,0,1,8319173.24533565,948320.8905014542
C62,C,IRVING PARK,16,53359,58643,-5284,-9.010453,0,1,8319173.24533565,737500.395385381
C63,C,IRVING PARK,16,53359,58643,-5284,-9.010453,0,1,8319173.24533565,830675.388888604
B68,B,AVONDALE,21,39262,43083,-3821,-8.868927,0,1,5132936.209681455,172226.57277884748
C110,C,AVONDALE,21,39262,43083,-3821,-8.868927,0,1,5132936.209681455,589575.0248997681
C111,C,AVONDALE,21,39262,43083,-3821,-8.868927,0,1,5132936.209681455,716489.7362779481
C112,C,AVONDALE,21,39262,43083,-3821,-8.868927,0,1,5132936.209681455,1495554.4485923043
C117,C,AVONDALE,21,39262,43083,-3821,-8.868927,0,1,5132936.209681455,1139050.3381791264
C54,C,AVONDALE,21,39262,43083,-3821,-8.868927,0,1,5132936.209681455,1848789.216420019
C59,C,AVONDALE,21,39262,43083,-3821,-8.868927,0,1,5132936.209681455,2160940.6884617154
C61,C,AVONDALE,21,39262,43083,-3821,-8.868927,0,1,5132936.209681455,948320.8905014542
C62,C,AVONDALE,21,39262,43083,-3821,-8.868927,0,1,5132936.209681455,737500.395385381
C63,C,AVONDALE,21,39262,43083,-3821,-8.868927,0,1,5132936.209681455,830675.388888604
D3,D,AVONDALE,21,39262,43083,-3821,-8.868927,0,1,5132936.209681455,438269.1950628044
D9,D,AVONDALE,21,39262,43083,-3821,-8.868927,0,1,5132936.209681455,2007702.5138367147
B75,B,EDGEWATER,77,56521,62198,-5677,-9.127303,0,1,4497787.526752078,298861.0740776514
B78,B,EDGEWATER,77,56521,62198,-5677,-9.127303,0,1,4497787.526752078,175712.79937901685
C68,C,EDGEWATER,77,56521,62198,-5677,-9.127303,0,1,4497787.526752078,1080559.4932930132
C72,C,EDGEWATER,77,56521,62198,-5677,-9.127303,0,1,4497787.526752078,566467.3684004154
C74,C,EDGEWATER,77,56521,62198,-5677,-9.127303,0,1,4497787.526752078,644201.3176837504
C75,C,EDGEWATER,77,56521,62198,-5677,-9.127303,0,1,4497787.526752078,1733635.9693736352
C76,C,EDGEWATER,77,56521,62198,-5677,-9.127303,0,1,4497787.526752078,458731.93436012947
C77,C,EDGEWATER,77,56521,62198,-5677,-9.127303,0,1,4497787.526752078,196744.91788823885
C78,C,EDGEWATER,77,56521,62198,-5677,-9.127303,0,1,4497787.526752078,351206.507706452
C81,C,EDGEWATER,77,56521,62198,-5677,-9.127303,0,1,4497787.526752078,448415.115537081
C82,C,EDGEWATER,77,56521,62198,-5677,-9.127303,0,1,4497787.526752078,1231425.8306739859
C83,C,EDGEWATER,77,56521,62198,-5677,-9.127303,0,1,4497787.526752078,266731.84986708
D4,D,EDGEWATER,77,56521,62198,-5677,-9.127303,0,1,4497787.526752078,62231.52077204319
B80,B,MONTCLARE,18,13426,12646,780,6.167958,1,0,2560171.6730859648,173008.94930869612
C95,C,MONTCLARE,18,13426,12646,780,6.167958,1,0,2560171.6730859648,4239404.357865588
C98,C,MONTCLARE,18,13426,12646,780,6.167958,1,0,2560171.6730859648,1076352.951514217
B80,B,DUNNING,17,41932,42164,-232,-0.550232,0,1,9617716.436107734,173008.94930869612
B82,B,DUNNING,17,41932,42164,-232,-0.550232,0,1,9617716.436107734,1634018.8572083795
C41,C,DUNNING,17,41932,42164,-232,-0.550232,0,1,9617716.436107734,1694303.791107824
C42,C,DUNNING,17,41932,42164,-232,-0.550232,0,1,9617716.436107734,1317106.4334521643
C52,C,DUNNING,17,41932,42164,-232,-0.550232,0,1,9617716.436107734,1156105.991737365
C53,C,DUNNING,17,41932,42164,-232,-0.550232,0,1,9617716.436107734,3726359.800583
C94,C,DUNNING,17,41932,42164,-232,-0.550232,0,1,9617716.436107734,3982855.1065820893
C95,C,DUNNING,17,41932,42164,-232,-0.550232,0,1,9617716.436107734,4239404.357865588
C96,C,DUNNING,17,41932,42164,-232,-0.550232,0,1,9617716.436107734,835835.5172340065
B81,B,AUSTIN,25,98514,117527,-19013,-16.177559,0,1,18498319.925243158,1329234.3852428736
B93,B,AUSTIN,25,98514,117527,-19013,-16.177559,0,1,18498319.925243158,742349.9229156196
C104,C,AUSTIN,25,98514,117527,-19013,-16.177559,0,1,18498319.925243158,303952.8868142184
C105,C,AUSTIN,25,98514,117527,-19013,-16.177559,0,1,18498319.925243158,769697.2646690694
C106,C,AUSTIN,25,98514,117527,-19013,-16.177559,0,1,18498319.925243158,741542.1972293484
C107,C,AUSTIN,25,98514,117527,-19013,-16.177559,0,1,18498319.925243158,1314720.8878525551
C108,C,AUSTIN,25,98514,117527,-19013,-16.177559,0,1,18498319.925243158,1324534.4558394442
C109,C,AUSTIN,25,98514,117527,-19013,-16.177559,0,1,18498319.925243158,937330.44055834
C138,C,AUSTIN,25,98514,117527,-19013,-16.177559,0,1,18498319.925243158,1240324.0459108567
C143,C,AUSTIN,25,98514,117527,-19013,-16.177559,0,1,18498319.925243158,704336.1411311664
C144,C,AUSTIN,25,98514,117527,-19013,-16.177559,0,1,18498319.925243158,1295574.9869822608
C145,C,AUSTIN,25,98514,117527,-19013,-16.177559,0,1,18498319.925243158,909652.943805392
C146,C,AUSTIN,25,98514,117527,-19013,-16.177559,0,1,18498319.925243158,821359.8493014263
C147,C,AUSTIN,25,98514,117527,-19013,-16.177559,0,1,18498319.925243158,729301.7758793248
C148,C,AUSTIN,25,98514,117527,-19013,-16.177559,0,1,18498319.925243158,1001776.3522026901
C149,C,AUSTIN,25,98514,117527,-19013,-16.177559,0,1,18498319.925243158,1571629.2816014658
C150,C,AUSTIN,25,98514,117527,-19013,-16.177559,0,1,18498319.925243158,262755.1967881619
C151,C,AUSTIN,25,98514,117527,-19013,-16.177559,0,1,18498319.925243158,2216793.5264096465
C158,C,AUSTIN,25,98514,117527,-19013,-16.177559,0,1,18498319.925243158,1196600.4348155626
C170,C,AUSTIN,25,98514,117527,-19013,-16.177559,0,1,18498319.925243158,2268426.9658957687
C95,C,AUSTIN,25,98514,117527,-19013,-16.177559,0,1,18498319.925243158,4239404.357865588
C98,C,AUSTIN,25,98514,117527,-19013,-16.177559,0,1,18498319.925243158,1076352.951514217
D55,D,AUSTIN,25,98514,117527,-19013,-16.177559,0,1,18498319.925243158,742329.0882032063
B82,B,BELMONT CRAGIN,19,78743,78144,599,0.766534,1,0,10128559.056783175,1634018.8572083795
B83,B,BELMONT CRAGIN,19,78743,78144,599,0.766534,1,0,10128559.056783175,962205.7572489885
C100,C,BELMONT CRAGIN,19,78743,78144,599,0.766534,1,0,10128559.056783175,1506341.2277877918
C101,C,BELMONT CRAGIN,19,78743,78144,599,0.766534,1,0,10128559.056783175,595360.7845475891
C102,C,BELMONT CRAGIN,19,78743,78144,599,0.766534,1,0,10128559.056783175,1162628.7055813316
C103,C,BELMONT CRAGIN,19,78743,78144,599,0.766534,1,0,10128559.056783175,500217.85023687815
C111,C,BELMONT CRAGIN,19,78743,78144,599,0.766534,1,0,10128559.056783175,716489.7362779481
C113,C,BELMONT CRAGIN,19,78743,78144,599,0.766534,1,0,10128559.056783175,2024352.1529666586
C52,C,BELMONT CRAGIN,19,78743,78144,599,0.766534,1,0,10128559.056783175,1156105.991737365
C53,C,BELMONT CRAGIN,19,78743,78144,599,0.766534,1,0,10128559.056783175,3726359.800583
C54,C,BELMONT CRAGIN,19,78743,78144,599,0.766534,1,0,10128559.056783175,1848789.216420019
C95,C,BELMONT CRAGIN,19,78743,78144,599,0.766534,1,0,10128559.056783175,4239404.357865588
C99,C,BELMONT CRAGIN,19,78743,78144,599,0.766534,1,0,10128559.056783175,642680.6283361932
D7,D,BELMONT CRAGIN,19,78743,78144,599,0.766534,1,0,10128559.056783175,1191053.6401881757
D8,D,BELMONT CRAGIN,19,78743,78144,599,0.766534,1,0,10128559.056783175,94074.68085863748
B83,B,HERMOSA,20,25010,26908,-1898,-7.053664,0,1,3026664.2714658664,962205.7572489885
C111,C,HERMOSA,20,25010,26908,-1898,-7.053664,0,1,3026664.2714658664,716489.7362779481
C112,C,HERMOSA,20,25010,26908,-1898,-7.053664,0,1,3026664.2714658664,1495554.4485923043
C113,C,HERMOSA,20,25010,26908,-1898,-7.053664,0,1,3026664.2714658664,2024352.1529666586
C54,C,HERMOSA,20,25010,26908,-1898,-7.053664,0,1,3026664.2714658664,1848789.216420019
B84,B,LINCOLN PARK,7,64116,64320,-204,-0.317164,0,1,8198678.6601185985,425013.59865375835
C120,C,LINCOLN PARK,7,64116,64320,-204,-0.317164,0,1,8198678.6601185985,1139301.1260350975
C122,C,LINCOLN PARK,7,64116,64320,-204,-0.317164,0,1,8198678.6601185985,1359001.5622909258
C123,C,LINCOLN PARK,7,64116,64320,-204,-0.317164,0,1,8198678.6601185985,805426.1370216651
D11,D,LINCOLN PARK,7,64116,64320,-204,-0.317164,0,1,8198678.6601185985,880596.402766442
D12,D,LINCOLN PARK,7,64116,64320,-204,-0.317164,0,1,8198678.6601185985,1296439.602722604
D14,D,LINCOLN PARK,7,64116,64320,-204,-0.317164,0,1,8198678.6601185985,721663.8051542008
D15,D,LINCOLN PARK,7,64116,64320,-204,-0.317164,0,1,8198678.6601185985,1333098.4471994145
C110,C,LOGAN SQUARE,22,73595,82715,-9120,-11.025811,0,1,9288854.881953752,589575.0248997681
C112,C,LOGAN SQUARE,22,73595,82715,-9120,-11.025811,0,1,9288854.881953752,1495554.4485923043
C113,C,LOGAN SQUARE,22,73595,82715,-9120,-11.025811,0,1,9288854.881953752,2024352.1529666586
C116,C,LOGAN SQUARE,22,73595,82715,-9120,-11.025811,0,1,9288854.881953752,1048231.1915819867
C117,C,LOGAN SQUARE,22,73595,82715,-9120,-11.025811,0,1,9288854.881953752,1139050.3381791264
C118,C,LOGAN SQUARE,22,73595,82715,-9120,-11.025811,0,1,9288854.881953752,1317450.6704664505
C119,C,LOGAN SQUARE,22,73595,82715,-9120,-11.025811,0,1,9288854.881953752,1224856.3438455528
D10,D,LOGAN SQUARE,22,73595,82715,-9120,-11.025811,0,1,9288854.881953752,2649242.292191605
D13,D,LOGAN SQUARE,22,73595,82715,-9120,-11.025811,0,1,9288854.881953752,1638679.1158184402
D9,D,LOGAN SQUARE,22,73595,82715,-9120,-11.025811,0,1,9288854.881953752,2007702.5138367147
C113,C,HUMBOLDT PARK,23,56323,65836,-9513,-14.449541,0,1,9328244.684563044,2024352.1529666586
C114,C,HUMBOLDT PARK,23,56323,65836,-9513,-14.449541,0,1,9328244.684563044,1504720.5134143736
C115,C,HUMBOLDT PARK,23,56323,65836,-9513,-14.449541,0,1,9328244.684563044,502669.82831604546
C116,C,HUMBOLDT PARK,23,56323,65836,-9513,-14.449541,0,1,9328244.684563044,1048231.1915819867
C145,C,HUMBOLDT PARK,23,56323,65836,-9513,-14.449541,0,1,9328244.684563044,909652.943805392
C153,C,HUMBOLDT PARK,23,56323,65836,-9513,-14.449541,0,1,9328244.684563044,1403652.9321188482
C154,C,HUMBOLDT PARK,23,56323,65836,-9513,-14.449541,0,1,9328244.684563044,797718.821932931
C155,C,HUMBOLDT PARK,23,56323,65836,-9513,-14.449541,0,1,9328244.684563044,1009166.4459007307
D10,D,HUMBOLDT PARK,23,56323,65836,-9513,-14.449541,0,1,9328244.684563044,2649242.292191605
D25,D,HUMBOLDT PARK,23,56323,65836,-9513,-14.449541,0,1,9328244.684563044,1705186.168949512
D27,D,HUMBOLDT PARK,23,56323,65836,-9513,-14.449541,0,1,9328244.684563044,582202.0832822331
C120,C,NORTH CENTER,5,31867,31895,-28,-0.087788,0,1,5296593.106232558,1139301.1260350975
C58,C,NORTH CENTER,5,31867,31895,-28,-0.087788,0,1,5296593.106232558,540857.3615024128
C60,C,NORTH CENTER,5,31867,31895,-28,-0.087788,0,1,5296593.106232558,561289.7027012103
C80,C,NORTH CENTER,5,31867,31895,-28,-0.087788,0,1,5296593.106232558,1537377.1591902752
C85,C,NORTH CENTER,5,31867,31895,-28,-0.087788,0,1,5296593.106232558,3238014.544239787
C87,C,NORTH CENTER,5,31867,31895,-28,-0.087788,0,1,5296593.106232558,3899256.3010157105
C147,C,WEST GARFIELD PARK,26,18001,23019,-5018,-21.799383,0,1,3350730.6067594998,729301.7758793248
C149,C,WEST GARFIELD PARK,26,18001,23019,-5018,-21.799383,0,1,3350730.6067594998,1571629.2816014658
C151,C,WEST GARFIELD PARK,26,18001,23019,-5018,-21.799383,0,1,3350730.6067594998,2216793.5264096465
C158,C,WEST GARFIELD PARK,26,18001,23019,-5018,-21.799383,0,1,3350730.6067594998,1196600.4348155626
C159,C,WEST GARFIELD PARK,26,18001,23019,-5018,-21.799383,0,1,3350730.6067594998,1082422.8262910247
D25,D,WEST GARFIELD PARK,26,18001,23019,-5018,-21.799383,0,1,3350730.6067594998,1705186.168949512
C151,C,EAST GARFIELD PARK,27,20567,20881,-314,-1.503759,0,1,5002269.903132458,2216793.5264096465
C152,C,EAST GARFIELD PARK,27,20567,20881,-314,-1.503759,0,1,5002269.903132458,859902.5421401846
C158,C,EAST GARFIELD PARK,27,20567,20881,-314,-1.503759,0,1,5002269.903132458,1196600.4348155626
C159,C,EAST GARFIELD PARK,27,20567,20881,-314,-1.503759,0,1,5002269.903132458,1082422.8262910247
D25,D,EAST GARFIELD PARK,27,20567,20881,-314,-1.503759,0,1,5002269.903132458,1705186.168949512
D26,D,EAST GARFIELD PARK,27,20567,20881,-314,-1.503759,0,1,5002269.903132458,777816.6718913683
D27,D,EAST GARFIELD PARK,27,20567,20881,-314,-1.503759,0,1,5002269.903132458,582202.0832822331
D33,D,EAST GARFIELD PARK,27,20567,20881,-314,-1.503759,0,1,5002269.903132458,2171567.3181638126
D36,D,EAST GARFIELD PARK,27,20567,20881,-314,-1.503759,0,1,5002269.903132458,1717663.5393522577
C154,C,WEST TOWN,24,81432,87435,-6003,-6.865672,0,1,11842194.028136313,797718.821932931
C155,C,WEST TOWN,24,81432,87435,-6003,-6.865672,0,1,11842194.028136313,1009166.4459007307
C156,C,WEST TOWN,24,81432,87435,-6003,-6.865672,0,1,11842194.028136313,395963.913880644
D10,D,WEST TOWN,24,81432,87435,-6003,-6.865672,0,1,11842194.028136313,2649242.292191605
D13,D,WEST TOWN,24,81432,87435,-6003,-6.865672,0,1,11842194.028136313,1638679.1158184402
D28,D,WEST TOWN,24,81432,87435,-6003,-6.865672,0,1,11842194.028136313,656536.8744206006
D29,D,WEST TOWN,24,81432,87435,-6003,-6.865672,0,1,11842194.028136313,3538674.706593944
D32,D,WEST TOWN,24,81432,87435,-6003,-6.865672,0,1,11842194.028136313,1193201.2906199167
C158,C,NORTH LAWNDALE,29,35912,41768,-5856,-14.020303,0,1,8307642.494482356,1196600.4348155626
C159,C,NORTH LAWNDALE,29,35912,41768,-5856,-14.020303,0,1,8307642.494482356,1082422.8262910247
C160,C,NORTH LAWNDALE,29,35912,41768,-5856,-14.020303,0,1,8307642.494482356,1141009.2567071295
C161,C,NORTH LAWNDALE,29,35912,41768,-5856,-14.020303,0,1,8307642.494482356,636875.1948819549
C162,C,NORTH LAWNDALE,29,35912,41768,-5856,-14.020303,0,1,8307642.494482356,4975597.640361602
C163,C,NORTH LAWNDALE,29,35912,41768,-5856,-14.020303,0,1,8307642.494482356,2375570.5409669927
D33,D,NORTH LAWNDALE,29,35912,41768,-5856,-14.020303,0,1,8307642.494482356,2171567.3181638126
D34,D,NORTH LAWNDALE,29,35912,41768,-5856,-14.020303,0,1,8307642.494482356,704904.3333767258
D35,D,NORTH LAWNDALE,29,35912,41768,-5856,-14.020303,0,1,8307642.494482356,649691.1272831763
D36,D,NORTH LAWNDALE,29,35912,41768,-5856,-14.020303,0,1,8307642.494482356,1717663.5393522577
C162,C,SOUTH LAWNDALE,30,79288,91071,-11783,-12.938257,0,1,11882815.954582043,4975597.640361602
C163,C,SOUTH LAWNDALE,30,79288,91071,-11783,-12.938257,0,1,11882815.954582043,2375570.5409669927
C193,C,BRIGHTON PARK,58,45368,44912,456,1.015319,1,0,7045514.692655235,646487.9613523295
C194,C,BRIGHTON PARK,58,45368,44912,456,1.015319,1,0,7045514.692655235,2106598.473437856
D62,D,BRIGHTON PARK,58,45368,44912,456,1.015319,1,0,7045514.692655235,2510623.6521962383
D63,D,BRIGHTON PARK,58,45368,44912,456,1.015319,1,0,7045514.692655235,418445.52276493656
D64,D,BRIGHTON PARK,58,45368,44912,456,1.015319,1,0,7045514.692655235,885687.472978586
D69,D,BRIGHTON PARK,58,45368,44912,456,1.015319,1,0,7045514.692655235,869071.7091998502
C194,C,MCKINLEY PARK,59,15612,15962,-350,-2.192708,0,1,3660611.3185838573,2106598.473437856
D62,D,MCKINLEY PARK,59,15612,15962,-350,-2.192708,0,1,3660611.3185838573,2510623.6521962383
D64,D,MCKINLEY PARK,59,15612,15962,-350,-2.192708,0,1,3660611.3185838573,885687.472978586
C195,C,WEST ELSDON,62,18109,15921,2188,13.742855,1,0,3036772.3278309214,1147698.5827525987
C201,C,WEST ELSDON,62,18109,15921,2188,13.742855,1,0,3036772.3278309214,684129.3598093649
C203,C,WEST ELSDON,62,18109,15921,2188,13.742855,1,0,3036772.3278309214,1494402.661946326
C204,C,WEST ELSDON,62,18109,15921,2188,13.742855,1,0,3036772.3278309214,1150011.0449112346
C205,C,WEST ELSDON,62,18109,15921,2188,13.742855,1,0,3036772.3278309214,714834.0472970934
C195,C,ARCHER HEIGHTS,57,13393,12644,749,5.923758,1,0,5191636.034741191,1147698.5827525987
C201,C,ARCHER HEIGHTS,57,13393,12644,749,5.923758,1,0,5191636.034741191,684129.3598093649
D67,D,ARCHER HEIGHTS,57,13393,12644,749,5.923758,1,0,5191636.034741191,428509.02493391687
D68,D,ARCHER HEIGHTS,57,13393,12644,749,5.923758,1,0,5191636.034741191,533873.1764186872
C196,C,GARFIELD RIDGE,56,34513,36101,-1588,-4.39877,0,1,10944726.48027177,212664.93031466618
C197,C,GARFIELD RIDGE,56,34513,36101,-1588,-4.39877,0,1,10944726.48027177,862115.0994973877
C199,C,GARFIELD RIDGE,56,34513,36101,-1588,-4.39877,0,1,10944726.48027177,2854849.28792057
C200,C,GARFIELD RIDGE,56,34513,36101,-1588,-4.39877,0,1,10944726.48027177,1438373.394631243
C201,C,GARFIELD RIDGE,56,34513,36101,-1588,-4.39877,0,1,10944726.48027177,684129.3598093649
D66,D,GARFIELD RIDGE,56,34513,36101,-1588,-4.39877,0,1,10944726.48027177,715898.0959126044
D67,D,GARFIELD RIDGE,56,34513,36101,-1588,-4.39877,0,1,10944726.48027177,428509.02493391687
C197,C,CLEARING,64,23139,22331,808,3.618288,1,0,6604979.639870268,862115.0994973877
C200,C,CLEARING,64,23139,22331,808,3.618288,1,0,6604979.639870268,1438373.394631243
C202,C,CLEARING,64,23139,22331,808,3.618288,1,0,6604979.639870268,349906.7284882545
C203,C,CLEARING,64,23139,22331,808,3.618288,1,0,6604979.639870268,1494402.661946326
D81,D,CLEARING,64,23139,22331,808,3.618288,1,0,6604979.639870268,1144923.7888780027
C202,C,WEST LAWN,65,33355,29235,4120,14.092697,1,0,7641846.624106231,349906.7284882545
C203,C,WEST LAWN,65,33355,29235,4120,14.092697,1,0,7641846.624106231,1494402.661946326
C204,C,WEST LAWN,65,33355,29235,4120,14.092697,1,0,7641846.624106231,1150011.0449112346
C205,C,WEST LAWN,65,33355,29235,4120,14.092697,1,0,7641846.624106231,714834.0472970934
C206,C,WEST LAWN,65,33355,29235,4120,14.092697,1,0,7641846.624106231,1667781.130263302
C207,C,WEST LAWN,65,33355,29235,4120,14.092697,1,0,7641846.624106231,197763.47063599425
D84,D,WEST LAWN,65,33355,29235,4120,14.092697,1,0,7641846.624106231,8505265.617543435
C205,C,CHICAGO LAWN,66,55628,61412,-5784,-9.418355,0,1,9123770.849222714,714834.0472970934
C206,C,CHICAGO LAWN,66,55628,61412,-5784,-9.418355,0,1,9123770.849222714,1667781.130263302
C207,C,CHICAGO LAWN,66,55628,61412,-5784,-9.418355,0,1,9123770.849222714,197763.47063599425
C209,C,CHICAGO LAWN,66,55628,61412,-5784,-9.418355,0,1,9123770.849222714,6172557.1417258
C211,C,CHICAGO LAWN,66,55628,61412,-5784,-9.418355,0,1,9123770.849222714,3441319.8008939778
C224,C,CHICAGO LAWN,66,55628,61412,-5784,-9.418355,0,1,9123770.849222714,637235.3040684729
D84,D,CHICAGO LAWN,66,55628,61412,-5784,-9.418355,0,1,9123770.849222714,8505265.617543435
D85,D,CHICAGO LAWN,66,55628,61412,-5784,-9.418355,0,1,9123770.849222714,291168.1205866219
C205,C,GAGE PARK,63,39894,39193,701,1.788585,1,0,5689383.197588681,714834.0472970934
C208,C,GAGE PARK,63,39894,39193,701,1.788585,1,0,5689383.197588681,1863148.900329432
C209,C,GAGE PARK,63,39894,39193,701,1.788585,1,0,5689383.197588681,6172557.1417258
D69,D,GAGE PARK,63,39894,39193,701,1.788585,1,0,5689383.197588681,869071.7091998502
C210,C,ENGLEWOOD,68,30654,40222,-9568,-23.787977,0,1,7951338.8190034125,2853491.8386609224
C228,C,ENGLEWOOD,68,30654,40222,-9568,-23.787977,0,1,7951338.8190034125,388064.0833178279
C229,C,ENGLEWOOD,68,30654,40222,-9568,-23.787977,0,1,7951338.8190034125,313064.8365968199
D71,D,ENGLEWOOD,68,30654,40222,-9568,-23.787977,0,1,7951338.8190034125,2655935.3252145466
D72,D,ENGLEWOOD,68,30654,40222,-9568,-23.787977,0,1,7951338.8190034125,5455964.825252556
D73,D,ENGLEWOOD,68,30654,40222,-9568,-23.787977,0,1,7951338.8190034125,1924800.0161104612
D83,D,ENGLEWOOD,68,30654,40222,-9568,-23.787977,0,1,7951338.8190034125,7513841.300844011
D87,D,ENGLEWOOD,68,30654,40222,-9568,-23.787977,0,1,7951338.8190034125,503158.7245225877
C210,C,WEST ENGLEWOOD,67,35505,45282,-9777,-21.591361,0,1,8164513.351020762,2853491.8386609224
C211,C,WEST ENGLEWOOD,67,35505,45282,-9777,-21.591361,0,1,8164513.351020762,3441319.8008939778
C228,C,WEST ENGLEWOOD,67,35505,45282,-9777,-21.591361,0,1,8164513.351020762,388064.0833178279
D71,D,WEST ENGLEWOOD,67,35505,45282,-9777,-21.591361,0,1,8164513.351020762,2655935.3252145466
D83,D,WEST ENGLEWOOD,67,35505,45282,-9777,-21.591361,0,1,8164513.351020762,7513841.300844011
D85,D,WEST ENGLEWOOD,67,35505,45282,-9777,-21.591361,0,1,8164513.351020762,291168.1205866219
D86,D,WEST ENGLEWOOD,67,35505,45282,-9777,-21.591361,0,1,8164513.351020762,628002.73575559
C210,C,NEW CITY,61,44377,51721,-7344,-14.199261,0,1,12498811.102789382,2853491.8386609224
D62,D,NEW CITY,61,44377,51721,-7344,-14.199261,0,1,12498811.102789382,2510623.6521962383
D69,D,NEW CITY,61,44377,51721,-7344,-14.199261,0,1,12498811.102789382,869071.7091998502
D70,D,NEW CITY,61,44377,51721,-7344,-14.199261,0,1,12498811.102789382,2206642.4340894404
D71,D,NEW CITY,61,44377,51721,-7344,-14.199261,0,1,12498811.102789382,2655935.3252145466
D72,D,NEW CITY,61,44377,51721,-7344,-14.199261,0,1,12498811.102789382,5455964.825252556
C215,C,WASHINGTON PARK,40,11717,14146,-2429,-17.170932,0,1,3933639.2311038203,2189282.825618048
D73,D,WASHINGTON PARK,40,11717,14146,-2429,-17.170932,0,1,3933639.2311038203,1924800.0161104612
D74,D,WASHINGTON PARK,40,11717,14146,-2429,-17.170932,0,1,3933639.2311038203,7444693.527904564
D78,D,WASHINGTON PARK,40,11717,14146,-2429,-17.170932,0,1,3933639.2311038203,510573.5019599928
C243,C,SOUTH CHICAGO,46,31198,38596,-7398,-19.167789,0,1,8658353.316414135,348741.0584594304
C244,C,SOUTH CHICAGO,46,31198,38596,-7398,-19.167789,0,1,8658353.316414135,740838.2745873933
C245,C,SOUTH CHICAGO,46,31198,38596,-7398,-19.167789,0,1,8658353.316414135,1255493.5954759715
C249,C,SOUTH CHICAGO,46,31198,38596,-7398,-19.167789,0,1,8658353.316414135,1411779.4933168408
D100,D,SOUTH CHICAGO,46,31198,38596,-7398,-19.167789,0,1,8658353.316414135,1545385.8160412111
D90,D,SOUTH CHICAGO,46,31198,38596,-7398,-19.167789,0,1,8658353.316414135,1009249.5901586732
D99,D,SOUTH CHICAGO,46,31198,38596,-7398,-19.167789,0,1,8658353.316414135,1528656.5053910895
C246,C,BURNSIDE,47,2916,3294,-378,-11.47541,0,1,1577750.490012795,1768949.4560915579
D98,D,BURNSIDE,47,2916,3294,-378,-11.47541,0,1,1577750.490012795,1354765.406738784
C247,C,CALUMET HEIGHTS,48,13812,15974,-2162,-13.534494,0,1,4532529.506121432,464601.4140286304
C248,C,CALUMET HEIGHTS,48,13812,15974,-2162,-13.534494,0,1,4532529.506121432,158965.9310722907
C249,C,CALUMET HEIGHTS,48,13812,15974,-2162,-13.534494,0,1,4532529.506121432,1411779.4933168408
D100,D,CALUMET HEIGHTS,48,13812,15974,-2162,-13.534494,0,1,4532529.506121432,1545385.8160412111
D98,D,CALUMET HEIGHTS,48,13812,15974,-2162,-13.534494,0,1,4532529.506121432,1354765.406738784
C263,C,PULLMAN,50,7325,8921,-1596,-17.890371,0,1,5477165.108303058,640616.8278628677
D113,D,PULLMAN,50,7325,8921,-1596,-17.890371,0,1,5477165.108303058,840675.3710551171
C267,C,HEGEWISCH,55,9426,9781,-355,-3.629486,0,1,13549805.897309199,1162670.009957054
D122,D,HEGEWISCH,55,9426,9781,-355,-3.629486,0,1,13549805.897309199,1569069.11648721
D131,D,HEGEWISCH,55,9426,9781,-355,-3.629486,0,1,13549805.897309199,575590.8523277603
C267,C,EAST SIDE,52,23042,23653,-611,-2.583182,0,1,7727178.703393072,1162670.009957054
D115,D,EAST SIDE,52,23042,23653,-611,-2.583182,0,1,7727178.703393072,2200876.0897728656
C92,C,OHARE,76,12756,11956,800,6.691201,1,0,34522423.583799034,2085832.5214772956
C94,C,OHARE,76,12756,11956,800,6.691201,1,0,34522423.583799034,3982855.1065820893
D113,D,RIVERDALE,54,6482,9809,-3327,-33.917831,0,1,9133600.263528176,840675.3710551171
D120,D,RIVERDALE,54,6482,9809,-3327,-33.917831,0,1,9133600.263528176,1387818.9230358298
D121,D,RIVERDALE,54,6482,9809,-3327,-33.917831,0,1,9133600.263528176,343614.61072405486
D128,D,RIVERDALE,54,6482,9809,-3327,-33.917831,0,1,9133600.263528176,246374.20510662414
D129,D,RIVERDALE,54,6482,9809,-3327,-33.917831,0,1,9133600.263528176,296231.5600935313
D114,D,SOUTH DEERING,51,15109,16990,-1881,-11.071218,0,1,28201380.171730246,1111090.567571617
D26,D,NEAR WEST SIDE,28,54881,46419,8462,18.229604,1,0,14713428.325045273,777816.6718913683
D27,D,NEAR WEST SIDE,28,54881,46419,8462,18.229604,1,0,14713428.325045273,582202.0832822331
D33,D,NEAR WEST SIDE,28,54881,46419,8462,18.229604,1,0,14713428.325045273,2171567.3181638126
D36,D,NEAR WEST SIDE,28,54881,46419,8462,18.229604,1,0,14713428.325045273,1717663.5393522577
D37,D,NEAR WEST SIDE,28,54881,46419,8462,18.229604,1,0,14713428.325045273,1581955.3854107726
D38,D,NEAR WEST SIDE,28,54881,46419,8462,18.229604,1,0,14713428.325045273,1143957.2705879153
D39,D,NEAR WEST SIDE,28,54881,46419,8462,18.229604,1,0,14713428.325045273,215235.14735672905
D40,D,NEAR WEST SIDE,28,54881,46419,8462,18.229604,1,0,14713428.325045273,1381699.2093810497
D41,D,NEAR WEST SIDE,28,54881,46419,8462,18.229604,1,0,14713428.325045273,1030746.4132005499
D47,D,NEAR WEST SIDE,28,54881,46419,8462,18.229604,1,0,14713428.325045273,910991.6446466895
D49,D,NEAR WEST SIDE,28,54881,46419,8462,18.229604,1,0,14713428.325045273,1252094.2013637426
D42,D,LOWER WEST SIDE,31,35769,44031,-8262,-18.764053,0,1,7570662.206223441,2003760.1839774016
D43,D,LOWER WEST SIDE,31,35769,44031,-8262,-18.764053,0,1,7570662.206223441,650564.7190137496
D49,D,LOWER WEST SIDE,31,35769,44031,-8262,-18.764053,0,1,7570662.206223441,1252094.2013637426
D44,D,BRIDGEPORT,60,31977,33694,-1717,-5.095863,0,1,5411376.262890374,811682.9904093633
D45,D,BRIDGEPORT,60,31977,33694,-1717,-5.095863,0,1,5411376.262890374,356326.03844280005
D46,D,BRIDGEPORT,60,31977,33694,-1717,-5.095863,0,1,5411376.262890374,271623.9089707886
D51,D,BRIDGEPORT,60,31977,33694,-1717,-5.095863,0,1,5411376.262890374,2315726.6046862146
D65,D,BRIDGEPORT,60,31977,33694,-1717,-5.095863,0,1,5411376.262890374,352693.5106568971
D72,D,BRIDGEPORT,60,31977,33694,-1717,-5.095863,0,1,5411376.262890374,5455964.825252556
D48,D,NEAR SOUTH SIDE,33,21390,9509,11881,124.944789,1,0,4620205.212060449,528789.0941526041
D49,D,NEAR SOUTH SIDE,33,21390,9509,11881,124.944789,1,0,4620205.212060449,1252094.2013637426
D50,D,NEAR SOUTH SIDE,33,21390,9509,11881,124.944789,1,0,4620205.212060449,939757.7265078191
D52,D,NEAR SOUTH SIDE,33,21390,9509,11881,124.944789,1,0,4620205.212060449,911865.8188414893
D53,D,NEAR SOUTH SIDE,33,21390,9509,11881,124.944789,1,0,4620205.212060449,2493148.734707485
D48,D,LOOP,32,29283,16388,12895,78.685624,1,0,4301423.448060735,528789.0941526041
D49,D,ARMOUR SQUARE,34,13391,12032,1359,11.29488,1,0,2577601.8418320348,1252094.2013637426
D51,D,ARMOUR SQUARE,34,13391,12032,1359,11.29488,1,0,2577601.8418320348,2315726.6046862146
D52,D,ARMOUR SQUARE,34,13391,12032,1359,11.29488,1,0,2577601.8418320348,911865.8188414893
D73,D,ARMOUR SQUARE,34,13391,12032,1359,11.29488,1,0,2577601.8418320348,1924800.0161104612
D52,D,DOUGLAS,35,18238,26470,-8232,-31.099358,0,1,4270688.521222491,911865.8188414893
D53,D,DOUGLAS,35,18238,26470,-8232,-31.099358,0,1,4270688.521222491,2493148.734707485
D73,D,DOUGLAS,35,18238,26470,-8232,-31.099358,0,1,4270688.521222491,1924800.0161104612
D74,D,DOUGLAS,35,18238,26470,-8232,-31.099358,0,1,4270688.521222491,7444693.527904564
D72,D,FULLER PARK,37,2876,3420,-544,-15.906433,0,1,1848913.6263728584,5455964.825252556
D73,D,FULLER PARK,37,2876,3420,-544,-15.906433,0,1,1848913.6263728584,1924800.0161104612
D73,D,GRAND BOULEVARD,38,21929,28006,-6077,-21.698922,0,1,4501641.174230012,1924800.0161104612
D74,D,GRAND BOULEVARD,38,21929,28006,-6077,-21.698922,0,1,4501641.174230012,7444693.527904564
D76,D,GRAND BOULEVARD,38,21929,28006,-6077,-21.698922,0,1,4501641.174230012,1149827.4328877819
D74,D,OAKLAND,36,5918,6110,-192,-3.14239,0,1,1570141.241419627,7444693.527904564
D76,D,OAKLAND,36,5918,6110,-192,-3.14239,0,1,1570141.241419627,1149827.4328877819
